Hotel Name,stay_type,rating_volatility,trend,baseline_gap,review_count,avg_rating,norm_volatility,norm_trend,norm_baseline_gap,norm_avg_rating,composite_risk_score,low_rating_probability,confidence_score,low_rating_risk_description,multi_factor_cluster
about-berlin-hotel,Couple,1.773586374738901,0.002249466942535399,0.10763642961621223,177,8.559322033898304,0.44928525259877733,0.3553311082515773,0.4116222760290559,0.4116222760290559,0.4079169674952148,40.79169674952148,0.946524064171123,Low Risk,2.0
about-berlin-hotel,Family,1.5133080887567871,-0.0009905377140956594,0.20216054956406104,130,8.653846153846153,0.38335150551489705,0.3761792968122403,0.38461538461538475,0.38461538461538475,0.3816422005892707,38.164220058927064,0.9285714285714286,Low Risk,2.0
about-berlin-hotel,Group,1.9665571282766008,0.012963965403819042,0.16055929367709076,49,8.612244897959183,0.49816864219976326,0.28638741590329475,0.3965014577259477,0.3965014577259477,0.3990507597449872,39.90507597449872,0.8305084745762712,Low Risk,2.0
about-berlin-hotel,Solo traveller,2.2510084642544665,0.004711385582147542,-0.2850189376154262,180,8.166666666666666,0.5702259111081858,0.3394896050875004,0.523809523809524,0.523809523809524,0.4847592837474485,48.475928374744846,0.9473684210526315,Low Risk,0.0
almodovarhotel-berlin-biohotel,Couple,1.9306216537770844,0.008341109312782488,-0.39534757611307825,142,8.056338028169014,0.48906546066446926,0.31613372360612163,0.5553319919517102,0.5553319919517102,0.4603792254974993,46.03792254974993,0.9342105263157895,Low Risk,0.0
almodovarhotel-berlin-biohotel,Family,1.7369038594104789,0.004772625884235343,-0.17895833155481888,55,8.272727272727273,0.4399928305323782,0.33909554720773,0.49350649350649334,0.49350649350649334,0.42845342757592403,42.845342757592405,0.8461538461538461,Low Risk,2.0
almodovarhotel-berlin-biohotel,Group,1.5747172607908269,0.00428484546912147,0.08535143275494406,54,8.537037037037036,0.3989076891675015,0.34223422728637726,0.4179894179894182,0.4179894179894182,0.388584255690835,38.8584255690835,0.84375,Low Risk,2.0
almodovarhotel-berlin-biohotel,Solo traveller,2.0148837751972786,0.0022961327414045547,-0.4432110280109054,118,8.008474576271187,0.5104107579930834,0.35503083171581157,0.569007263922518,0.569007263922518,0.48430555718520396,48.430555718520395,0.921875,Low Risk,0.0
alte-schonhauser-str-2-10119-berlin,Couple,1.1649363848547942,0.0049485732633606895,0.31427184252641815,47,8.76595744680851,0.29510191631238913,0.3379633932371323,0.35258358662613987,0.35258358662613987,0.32807894399962484,32.807894399962485,0.8245614035087719,Low Risk,1.0
alte-schonhauser-str-2-10119-berlin,Family,1.5772776794365602,0.002048914593977744,0.18246073718132294,41,8.634146341463415,0.3995562949272161,0.3566215857731008,0.39024390243902424,0.39024390243902424,0.3834165448101144,38.34165448101144,0.803921568627451,Low Risk,2.0
alte-schonhauser-str-2-10119-berlin,Group,2.0247881123137055,0.0060946229502534255,0.06346591086942333,66,8.515151515151516,0.5129197266379472,0.33058900260984464,0.42424242424242414,0.42424242424242414,0.42718345359108334,42.71834535910833,0.868421052631579,Low Risk,2.0
alte-schonhauser-str-2-10119-berlin,Solo traveller,2.0563196627134035,-0.007176411004604616,-0.48394366879822126,62,7.967741935483871,0.5209073052458653,0.4159830213250921,0.5806451612903226,0.5806451612903226,0.5103382696851934,51.033826968519335,0.8611111111111112,Moderate Risk,0.0
alvarez-quintero-apartment,Couple,2.063913820812356,0.01113882665144762,0.002859850263362773,22,8.454545454545455,0.5228310588833306,0.2981314844745966,0.44155844155844143,0.44155844155844143,0.42697577049699914,42.697577049699916,0.6875,Low Risk,2.0
alvarez-quintero-apartment,Family,1.997498435543818,-0.006126860770577934,-0.09168560428209283,25,8.36,0.506006700300167,0.4092295677033222,0.46857142857142875,0.46857142857142875,0.46387121541605514,46.38712154160552,0.7142857142857143,Low Risk,0.0
alvarez-quintero-apartment,Group,0.8432740427115678,0.0077814182073484665,-0.0516856042820919,10,8.4,0.21361834793382106,0.31973512142446525,0.457142857142857,0.457142857142857,0.33068695820417693,33.068695820417695,0.5,Low Risk,1.0
alvarez-quintero-apartment,Solo traveller,1.1547005383792517,-0.02955045583149953,0.8816477290512417,3,9.333333333333334,0.29250896965085227,0.5599514271917837,0.1904761904761903,0.1904761904761903,0.337030234202,33.703023420200005,0.23076923076923078,Low Risk,1.0
amsterdam-east-by-yays,Family,1.6282998938210638,0.0013965108560735561,-0.32923662469025494,49,8.122448979591837,0.4124812524056842,0.36081955385863146,0.5364431486880464,0.5364431486880464,0.44036940654039514,44.03694065403951,0.8305084745762712,Low Risk,0.0
amsterdam-east-by-yays,Group,1.7647247359475522,0.00470635201682801,0.10600670341021612,52,8.557692307692308,0.4470404205006528,0.3395219941517258,0.4120879120879119,0.4120879120879119,0.4025515146515154,40.25515146515154,0.8387096774193549,Low Risk,2.0
amsterdam-prince-island-by-yays,Couple,1.4142135623730951,-0.006224511697789224,0.5483143957179077,7,9.0,0.3582488604159193,0.40985791400506527,0.2857142857142857,0.2857142857142857,0.34834447534709134,34.834447534709135,0.4117647058823529,Low Risk,2.0
amsterdam-prince-island-by-yays,Family,1.5546181358830522,0.004201487253169578,-0.278753273455024,133,8.172932330827068,0.3938161748551336,0.3427706054674051,0.522019334049409,0.522019334049409,0.4233736097568115,42.33736097568115,0.9300699300699301,Low Risk,2.0
amsterdam-prince-island-by-yays,Group,1.7009674666438057,0.00141895343087268,-0.267685604282093,125,8.184,0.4308894163814658,0.3606751444886507,0.518857142857143,0.518857142857143,0.4406138390801083,44.06138390801083,0.9259259259259259,Low Risk,0.0
amsterdam-vondelpark-by-yays,Couple,2.6076809620810595,-0.0169306038367452,-0.8516856042820926,5,7.6,0.6605782590758164,0.47874751489004397,0.6857142857142858,0.6857142857142858,0.614826645143549,61.4826645143549,0.3333333333333333,Moderate Risk,3.0
amsterdam-vondelpark-by-yays,Family,2.2253945610567474,0.0020322129381073013,-0.8802570328535211,7,7.571428571428571,0.5637373920644363,0.3567290545294033,0.6938775510204083,0.6938775510204083,0.5471839464385165,54.71839464385165,0.4117647058823529,Moderate Risk,0.0
amsterdam-vondelpark-by-yays,Group,1.224744871391589,0.000931273639237663,-0.7850189376154253,9,7.666666666666667,0.31025261399701143,0.36381317709376537,0.6666666666666666,0.6666666666666666,0.4510657013604169,45.10657013604169,0.47368421052631576,Low Risk,0.0
antik-city-prague,Couple,1.2381238867650346,0.0057387049455875725,0.4266927740962867,74,8.878378378378379,0.313641788827849,0.33287919860021836,0.3204633204633203,0.3204633204633203,0.32180054783197476,32.18005478319748,0.8809523809523809,Low Risk,1.0
antik-city-prague,Family,1.9348358440936904,0.008228879904931954,0.04831439571790774,40,8.5,0.49013300019220973,0.316855876845047,0.42857142857142855,0.42857142857142855,0.41660331312078747,41.660331312078746,0.8,Low Risk,2.0
antik-city-prague,Group,0.9759965009980694,0.0015915929560967731,0.5048361348483432,23,8.956521739130435,0.24723962741932687,0.3595642752905065,0.2981366459627327,0.2981366459627327,0.2987509782708728,29.87509782708728,0.696969696969697,Low Risk,1.0
antik-city-prague,Solo traveller,1.9712731935389023,-0.00034972150510809895,0.1365496898355545,34,8.588235294117647,0.4993633167883958,0.3720558900355373,0.4033613445378152,0.4033613445378152,0.427570398474835,42.757039847483505,0.7727272727272727,Low Risk,2.0
auerberg-galerie,Couple,2.3184266304578904,-0.0022628481007864617,-0.631685604282092,50,7.82,0.5873042943568791,0.38436612666605935,0.6228571428571428,0.6228571428571428,0.5388663410247254,53.88663410247254,0.8333333333333334,Moderate Risk,0.0
auerberg-galerie,Family,1.396935421352244,0.0027324739793535115,-0.19168560428209247,50,8.26,0.35387195830190005,0.3522231430333478,0.4971428571428572,0.4971428571428572,0.40352212831566936,40.35221283156694,0.8333333333333334,Low Risk,2.0
auerberg-galerie,Group,2.100170061141308,0.009167693119831075,0.42331439571790774,8,8.875,0.5320154968822259,0.3108149735125776,0.32142857142857145,0.32142857142857145,0.3919499159625523,39.19499159625523,0.4444444444444444,Low Risk,2.0
auerberg-galerie,Solo traveller,2.214791870651288,0.010449540087253349,-0.754715907312395,33,7.696969696969697,0.5610515164257351,0.3025667794156835,0.6580086580086579,0.6580086580086579,0.5174410948767426,51.74410948767426,0.7674418604651163,Moderate Risk,0.0
bedfordcornerhotel,Couple,1.81982996689255,-0.0003090542870673885,-0.2543171832294604,152,8.197368421052632,0.46099968854491824,0.37179421206905194,0.5150375939849623,0.5150375939849623,0.4531513125061738,45.31513125061738,0.9382716049382716,Low Risk,0.0
bedfordcornerhotel,Family,1.219296456485153,0.002945112843541963,-0.14240725376662766,97,8.309278350515465,0.30887242045111696,0.3508548934146773,0.48306332842415295,0.48306332842415295,0.38243398013074764,38.24339801307477,0.9065420560747663,Low Risk,2.0
bedfordcornerhotel,Group,2.1561030791232776,0.014383962818089662,-0.866319750623556,41,7.585365853658536,0.5461844601030562,0.2772502766131462,0.6898954703832754,0.6898954703832754,0.51580305865416,51.580305865416,0.803921568627451,Moderate Risk,0.0
bedfordcornerhotel,Solo traveller,1.9076532802896222,-0.003988449207132836,-0.3779151124788136,122,8.073770491803279,0.48324710773219853,0.39546970862294617,0.5503512880562061,0.5503512880562061,0.48040035111282553,48.040035111282556,0.9242424242424242,Low Risk,0.0
belfort-berlin,Couple,2.1865389045137937,0.00527390978070541,-0.3850189376154258,15,8.066666666666666,0.5538944694340895,0.3358699774004018,0.5523809523809524,0.5523809523809524,0.4879573908553852,48.79573908553852,0.6,Low Risk,0.0
belfort-berlin,Family,1.4232501627054273,-0.0024631255249567756,-0.007241159837647615,27,8.444444444444445,0.36053801380634476,0.38565483515448734,0.44444444444444436,0.44444444444444436,0.39744031093412235,39.74403109341223,0.7297297297297297,Low Risk,2.0
belfort-berlin,Group,1.2649110640673518,0.008013723180910443,-0.0516856042820919,10,8.4,0.32042752190073165,0.3182403279270276,0.457142857142857,0.457142857142857,0.3676217310433643,36.76217310433643,0.5,Low Risk,2.0
belfort-berlin,Solo traveller,2.647739850474263,0.0014821193968992227,-0.25168560428209297,20,8.2,0.6707259846373731,0.36026869569925074,0.5142857142857145,0.5142857142857145,0.5228347033328559,52.283470333285585,0.6666666666666666,Moderate Risk,0.0
berlin-eastside-apartments,Couple,1.224744871391589,0.01122894572676232,0.5483143957179077,5,9.0,0.31025261399701143,0.29755160275398607,0.2857142857142857,0.2857142857142857,0.2978538957251498,29.78538957251498,0.3333333333333333,Low Risk,1.0
berlin-eastside-apartments,Family,1.9344413901856763,-0.004295457617872358,-0.47946338205986994,36,7.972222222222222,0.49003307704991184,0.3974451901160692,0.5793650793650793,0.5793650793650793,0.49352291178006763,49.352291178006766,0.782608695652174,Low Risk,0.0
berlin-eastside-apartments,Group,2.0154167712671147,0.008339368856699433,-0.6421617947582829,21,7.809523809523809,0.510545776663322,0.31614492277416195,0.6258503401360545,0.6258503401360545,0.4925821177120303,49.25821177120303,0.6774193548387096,Low Risk,0.0
berlin-eastside-apartments,Solo traveller,2.0150945537631877,0.00639246228764494,-1.1183522709487592,12,7.333333333333333,0.5104641524612502,0.3286725205905942,0.761904761904762,0.761904761904762,0.5439308762052826,54.393087620528256,0.5454545454545454,Moderate Risk,0.0
camperio-house-suites-apartments,Couple,1.6263879859944053,0.005927446406670665,0.2275596787367764,53,8.679245283018869,0.41199692753542105,0.3316647196142632,0.37735849056603754,0.37735849056603754,0.3757738122197895,37.57738122197895,0.8412698412698413,Low Risk,2.0
camperio-house-suites-apartments,Family,2.4563027461192544,0.007051025327865507,-0.16866673635756335,106,8.283018867924529,0.6222310993518563,0.32443491975458855,0.4905660377358489,0.4905660377358489,0.4868094739070734,48.68094739070734,0.9137931034482759,Low Risk,0.0
camperio-house-suites-apartments,Group,1.175008579241157,0.0012802142215101557,0.32250794410500383,31,8.774193548387096,0.2976534065942014,0.36156787814310004,0.350230414746544,0.350230414746544,0.3352297009121909,33.522970091219086,0.7560975609756098,Low Risk,1.0
camperio-house-suites-apartments,Solo traveller,2.461562214844347,0.0017908698894649514,-0.2777725608038306,23,8.173913043478262,0.6235634290135772,0.3582820045770531,0.5217391304347824,0.5217391304347824,0.5083404971800418,50.83404971800418,0.696969696969697,Moderate Risk,0.0
capitol-roma,Couple,1.861258030198696,0.0003211823604135869,-0.5439932965897842,130,7.907692307692308,0.4714942537672746,0.3677388807170947,0.5978021978021977,0.5978021978021977,0.4845754222644437,48.457542226444374,0.9285714285714286,Low Risk,0.0
capitol-roma,Family,1.8894693596727419,-0.0010507612051012505,-0.39329144369814983,137,8.058394160583942,0.4786407533510684,0.37656681190228697,0.554744525547445,0.554744525547445,0.4746548911851658,47.46548911851658,0.9319727891156463,Low Risk,0.0
capitol-roma,Group,1.7392285142889725,-0.00446225477256261,-0.3425946951911829,55,8.10909090909091,0.4405817125677641,0.39851846589832696,0.5402597402597402,0.5402597402597402,0.4628500482591246,46.28500482591246,0.8461538461538461,Low Risk,0.0
capitol-roma,Solo traveller,2.0701203419338925,-9.991374612158355e-05,-0.433986489237844,113,8.017699115044248,0.5244032960461581,0.3704484728200686,0.5663716814159291,0.5663716814159291,0.49290578395775114,49.290578395775114,0.9186991869918699,Low Risk,0.0
capriceroma,Couple,2.171216368206507,0.003042341275602719,-0.3190325430576024,98,8.13265306122449,0.5500129614944005,0.3502292657073493,0.5335276967930029,0.5335276967930029,0.484308010112796,48.4308010112796,0.9074074074074074,Low Risk,0.0
capriceroma,Family,1.8446391524343193,-0.0007173028835843224,-0.14259469519118362,55,8.309090909090909,0.46728435635228377,0.37442113536756993,0.4831168831168832,0.4831168831168832,0.4449667744244794,44.49667744244794,0.8461538461538461,Low Risk,0.0
capriceroma,Group,2.1684973950597572,0.007514854250047348,-0.48739988999637784,28,7.964285714285714,0.5493241906770071,0.32145035835596675,0.5816326530612245,0.5816326530612245,0.492270002815171,49.2270002815171,0.7368421052631579,Low Risk,0.0
capriceroma,Solo traveller,2.2919104214951407,0.007034042025735982,-0.42227383957621,68,8.029411764705882,0.580587203037577,0.32454420079665575,0.5630252100840336,0.5630252100840336,0.49762760483156043,49.76276048315604,0.8717948717948718,Low Risk,0.0
dolce-vita-residence,Couple,2.009118995924569,0.013169170460882161,-0.09684689460467233,31,8.35483870967742,0.5089504229631097,0.2850669999852195,0.4700460829493086,0.4700460829493086,0.42816887706491225,42.81688770649122,0.7560975609756098,Low Risk,2.0
dolce-vita-residence,Family,1.6601094249332766,0.0023926736315200677,-0.0516856042820919,110,8.4,0.42053924914289026,0.3544096280774701,0.457142857142857,0.457142857142857,0.41351162562325255,41.35116256232526,0.9166666666666666,Low Risk,2.0
dolce-vita-residence,Group,1.0,0.0005448743931627572,0.748314395717907,25,9.2,0.2533201985524494,0.3662995081937471,0.2285714285714288,0.2285714285714288,0.2785519219514815,27.85519219514815,0.7142857142857143,Low Risk,1.0
dolce-vita-residence,Solo traveller,2.250925735484551,0.007097530901326275,-0.7850189376154253,6,7.666666666666667,0.5702049542397647,0.32413567420793554,0.6666666666666666,0.6666666666666666,0.5301457695796316,53.01457695796316,0.375,Moderate Risk,0.0
eastern-park-apartment-suites,Couple,3.947573094109004,-0.025896414342629483,-1.7016856042820923,4,6.75,1.0,0.5364390702534885,0.9285714285714286,0.9285714285714286,0.8359317210760464,83.59317210760464,0.2857142857142857,High Risk,3.0
eastern-park-apartment-suites,Family,2.300009410859723,-0.011614531339471669,-1.8153219679184556,22,6.636363636363637,0.5826388406314872,0.4445406252183007,0.9610389610389609,0.9610389610389609,0.673649418150147,67.3649418150147,0.6875,Moderate Risk,3.0
eastern-park-apartment-suites,Group,1.6262925893598903,0.0021685066599584127,-0.3516856042820926,30,8.1,0.41197276164102453,0.3558520566501036,0.5428571428571429,0.5428571428571429,0.4409460835693897,44.09460835693897,0.75,Low Risk,0.0
eastern-park-apartment-suites,Solo traveller,1.0,-0.031434293980193616,0.5483143957179077,5,9.0,0.2533201985524494,0.572073203887803,0.2857142857142857,0.2857142857142857,0.3602840306596982,36.02840306596982,0.3333333333333333,Low Risk,2.0
eiffel-village-apartments-paris-centre,Couple,2.1945754979406877,0.010418623877343956,-0.40724115983764797,45,8.044444444444444,0.5559303008766756,0.3027657133809335,0.5587301587301587,0.5587301587301587,0.48096087487667205,48.096087487667205,0.8181818181818182,Low Risk,0.0
eiffel-village-apartments-paris-centre,Family,1.5354559034075324,0.006493855710021779,-0.01578816838465613,39,8.435897435897436,0.3889619943197267,0.3280200927663943,0.4468864468864468,0.4468864468864468,0.390952982252079,39.0952982252079,0.7959183673469388,Low Risk,2.0
eiffel-village-apartments-paris-centre,Group,2.383202400060406,0.010099997711361667,-0.6335037861002739,22,7.818181818181818,0.603713305173976,0.30481595067771167,0.6233766233766234,0.6233766233766234,0.5209262601960233,52.09262601960233,0.6875,Moderate Risk,0.0
eiffel-village-apartments-paris-centre,Solo traveller,2.5421447637772325,-0.008854834198531468,-0.5141856042820923,16,7.9375,0.6439766163091182,0.4267830314917323,0.5892857142857143,0.5892857142857143,0.5596767251557111,55.96767251557111,0.6153846153846154,Moderate Risk,3.0
excelsiordusseldorf,Couple,2.119140463140895,-0.0032935618073001854,-0.994542747139235,35,7.457142857142857,0.5368210828833813,0.39099837445048125,0.7265306122448979,0.7265306122448979,0.5594726056300421,55.94726056300421,0.7777777777777778,Moderate Risk,3.0
excelsiordusseldorf,Family,2.0677547620783177,0.0036292363812548915,-1.2321734091601408,41,7.219512195121951,0.5238040468874523,0.3464528205707891,0.7944250871080138,0.7944250871080138,0.5653160430696498,56.53160430696498,0.803921568627451,Moderate Risk,3.0
excelsiordusseldorf,Group,2.436546509566487,0.005733312276268687,-1.321250821673397,23,7.130434782608695,0.6172264455856601,0.3329138983610892,0.8198757763975156,0.8198757763975156,0.6028599472024382,60.28599472024382,0.696969696969697,Moderate Risk,3.0
excelsiordusseldorf,Solo traveller,2.1372123824451252,0.008761701017381126,-0.8739078265043148,45,7.5777777777777775,0.5413990650697525,0.31342737713634816,0.6920634920634922,0.6920634920634922,0.5257401081375401,52.574010813754015,0.8181818181818182,Moderate Risk,0.0
fashion-dancing,Couple,1.0791935111638469,-0.0011693636965801374,0.8816477290512417,84,9.333333333333334,0.27338151452454074,0.3773299734925198,0.1904761904761903,0.1904761904761903,0.27554918879801177,27.55491887980118,0.8936170212765957,Low Risk,1.0
fashion-dancing,Family,1.4772095452706113,-0.0047502303487300685,0.718125716472624,53,9.169811320754716,0.3742070153115248,0.4003714783933915,0.23719676549865248,0.23719676549865248,0.3341027668015795,33.41027668015795,0.8412698412698413,Low Risk,1.0
fashion-dancing,Group,0.6992058987801011,0.0005956650174444759,1.1483143957179074,10,9.6,0.17712297710801905,0.36597268998687454,0.1142857142857144,0.1142857142857144,0.21178484898386907,21.178484898386905,0.5,Very Low Risk,1.0
fashion-dancing,Solo traveller,1.5394735653303535,-0.003829145011234197,0.5937689411724527,44,9.045454545454545,0.38997974923573236,0.3944446471595923,0.2727272727272729,0.2727272727272729,0.3502808518349295,35.028085183492955,0.8148148148148148,Low Risk,2.0
frederics-serviced-apartment,Couple,1.9513387128525965,0.003973306926462491,-0.3031707527969445,101,8.148514851485148,0.4943135101829009,0.3442388584426862,0.5289957567185292,0.5289957567185292,0.4614299009483064,46.14299009483064,0.9099099099099099,Low Risk,0.0
frederics-serviced-apartment,Family,2.012262937008873,0.000769805246431879,-0.13918560428209226,48,8.3125,0.5097468467428228,0.36485216433500667,0.48214285714285715,0.48214285714285715,0.4566170456604899,45.66170456604899,0.8275862068965517,Low Risk,0.0
frederics-serviced-apartment,Group,1.6344003083137535,-0.01293980808374527,0.08164772905124096,30,8.533333333333333,0.4140266106162246,0.4530682732891546,0.41904761904761906,0.41904761904761906,0.42749646236909167,42.749646236909165,0.75,Low Risk,2.0
frederics-serviced-apartment,Solo traveller,1.9814763557004076,-0.0071650695822252294,-0.475495128091616,42,7.976190476190476,0.5019479838530112,0.4159100436175361,0.5782312925170068,0.5782312925170068,0.5028357598147671,50.283575981476716,0.8076923076923077,Moderate Risk,0.0
friendly-rentals-hopper,Couple,1.918806447200494,0.006881837250930175,0.13922348662699946,22,8.590909090909092,0.4860724301885492,0.3255235802054138,0.40259740259740234,0.40259740259740234,0.4086915155367072,40.86915155367072,0.6875,Low Risk,2.0
friendly-rentals-hopper,Group,1.1547005383792517,-0.01630968756140696,0.21498106238457382,3,8.666666666666666,0.29250896965085227,0.47475215656173325,0.3809523809523811,0.3809523809523811,0.3781371196796517,37.81371196796517,0.23076923076923078,Low Risk,2.0
friendly-rentals-hopper,Solo traveller,1.632993161855452,0.047912161038096826,-0.11835227094875833,6,8.333333333333334,0.4136701519960153,0.061509167365231314,0.476190476190476,0.476190476190476,0.3299039700748413,32.99039700748413,0.375,Low Risk,1.0
friendly-rentals-mozart,Couple,0.8944271909999159,-0.016831525207402682,0.9483143957179081,5,9.4,0.2265764736148083,0.4781099818721091,0.17142857142857132,0.17142857142857132,0.28273476032681555,28.273476032681554,0.3333333333333333,Low Risk,1.0
friendly-rentals-mozart,Family,,0.0,0.5483143957179077,1,9.0,,0.3698055661456347,0.2857142857142857,0.2857142857142857,,,0.09090909090909091,,
friendly-rentals-mozart,Group,1.5996323106926056,0.0005435365883212343,0.48949086630614325,17,8.941176470588236,0.40521917455556433,0.3663081164553237,0.30252100840336127,0.30252100840336127,0.3576014989722211,35.76014989722211,0.6296296296296297,Low Risk,2.0
frogner-house-apartments-skovveien-15,Couple,1.049003414324904,-0.0008237570356472799,0.5883143957179069,50,9.04,0.26573375319898207,0.37510612704828616,0.2742857142857145,0.2742857142857145,0.30153865173412964,30.153865173412964,0.8333333333333334,Low Risk,1.0
frogner-house-apartments-skovveien-15,Family,1.193434768347935,0.001589638422677227,0.28360851336496573,102,8.735294117647058,0.30232113247729536,0.3595768519641836,0.36134453781512627,0.36134453781512627,0.3401560401916026,34.015604019160264,0.9107142857142857,Low Risk,2.0
frogner-house-apartments-skovveien-15,Group,1.3165611772087666,-0.00423016385411737,0.5483143957179077,31,9.0,0.3335115388169713,0.3970250497635504,0.2857142857142857,0.2857142857142857,0.3358365535150051,33.58365535150051,0.7560975609756098,Low Risk,1.0
frogner-house-apartments-skovveien-15,Solo traveller,1.1078458396237196,0.0022979850553237814,0.3515930842424986,61,8.80327868852459,0.2806397280589857,0.35501891278545367,0.3419203747072598,0.3419203747072598,0.324401709803822,32.4401709803822,0.8591549295774648,Low Risk,1.0
gaderin,Family,1.4783041785122484,0.004730863190476256,-0.21639148663503427,34,8.235294117647058,0.3744843080216384,0.3393642741407326,0.5042016806722691,0.5042016806722691,0.4093493782850874,40.93493782850874,0.7727272727272727,Low Risk,2.0
gaderin,Group,1.5628628610919912,-0.0005310518394754132,0.14206439571790774,32,8.59375,0.3959047302820724,0.3732226812606427,0.4017857142857143,0.4017857142857143,0.3911584599769181,39.115845997691814,0.7619047619047619,Low Risk,2.0
gaderin,Solo traveller,3.5355339059327378,0.05747126436781609,-1.9516856042820923,2,6.5,0.8956221510397981,0.0,1.0,1.0,0.6634677528639293,66.34677528639294,0.16666666666666666,Moderate Risk,3.0
gaijin,Couple,1.8267037534991817,-0.0008148288817519315,0.04411271504563885,119,8.495798319327731,0.46274095753291733,0.3750486777987834,0.4297719087635054,0.4297719087635054,0.424894106543383,42.4894106543383,0.9224806201550387,Low Risk,2.0
gaijin,Family,1.4230663809282762,0.0008654630855502209,0.2420643957179074,160,8.69375,0.36049145817006656,0.36423664279149187,0.37321428571428583,0.37321428571428583,0.3660680031969709,36.60680031969709,0.9411764705882353,Low Risk,2.0
gaijin,Group,2.1246208483724747,0.012238772346601418,-7.270105628620627e-05,62,8.451612903225806,0.5382093751583888,0.29105375536944766,0.44239631336405544,0.44239631336405544,0.4305281175936898,43.05281175936898,0.8611111111111112,Low Risk,2.0
gaijin,Solo traveller,2.0937617781969333,0.0025879883767410093,-0.0516856042820919,100,8.4,0.5303921493743767,0.35315285252663553,0.457142857142857,0.457142857142857,0.45158310803902246,45.158310803902246,0.9090909090909091,Low Risk,0.0
hcristina,Couple,1.5621575254927977,-0.0012533422459893048,0.3768858242893369,35,8.82857142857143,0.3957260545280386,0.37787034328166497,0.33469387755102026,0.33469387755102026,0.3690080792121701,36.90080792121701,0.7777777777777778,Low Risk,2.0
hcristina,Family,0.5477225575051662,-0.008492081707596971,1.1483143957179074,5,9.6,0.1387491870188641,0.4244488582008469,0.1142857142857144,0.1142857142857144,0.21589687291685652,21.589687291685653,0.3333333333333333,Very Low Risk,1.0
hcristina,Group,3.391164991562634,0.005161493508765791,-0.45168560428209226,5,8.0,0.8590505889867619,0.33659333303814365,0.5714285714285714,0.5714285714285714,0.6016457060568098,60.16457060568098,0.3333333333333333,Moderate Risk,3.0
hcristina,Solo traveller,2.330825720214125,0.021101503066677185,-0.5569487621768294,19,7.894736842105263,0.5904452342357981,0.23402547893275727,0.6015037593984963,0.6015037593984963,0.48738979145183015,48.738979145183016,0.6551724137931034,Low Risk,0.0
joyn-munich-olympic-munchen,Couple,1.9845557534273355,0.006638512261984139,-0.3088284614249499,196,8.142857142857142,0.5027280574966185,0.3270892832795393,0.5306122448979593,0.5306122448979593,0.45979589082196404,45.979589082196405,0.9514563106796117,Low Risk,0.0
joyn-munich-olympic-munchen,Family,1.8728320800328042,0.007734628859782951,-0.13918560428209226,176,8.3125,0.47442619436930683,0.3200361929487545,0.48214285714285715,0.48214285714285715,0.43081002591388373,43.081002591388376,0.946236559139785,Low Risk,2.0
joyn-munich-olympic-munchen,Group,1.6990083184058153,0.0035027331157643084,-0.08609420643263022,93,8.365591397849462,0.43039312456082435,0.34726682061461295,0.4669738863287251,0.4669738863287251,0.4182584999957262,41.82584999957262,0.9029126213592233,Low Risk,2.0
joyn-munich-olympic-munchen,Solo traveller,1.8017716896082014,0.005634123123491597,-0.23308095311930188,215,8.21860465116279,0.4564251621577319,0.3335521425549785,0.5089700996677742,0.5089700996677742,0.43795398440542066,43.795398440542066,0.9555555555555556,Low Risk,0.0
joyn-munich-rose,Couple,1.1236102527122116,0.0007284393695631401,0.48581439571790774,16,8.9375,0.2846331723126253,0.36511833790335996,0.30357142857142855,0.30357142857142855,0.31540711168042684,31.540711168042684,0.6153846153846154,Low Risk,1.0
joyn-munich-rose,Family,0.8755950357709131,0.005148338557078692,0.6483143957179074,10,9.1,0.22180590831302677,0.3366779801119427,0.25714285714285723,0.25714285714285723,0.2686354619431422,26.86354619431422,0.5,Low Risk,1.0
joyn-munich-rose,Group,2.103111248383433,-0.011234357224118316,-0.06707021966670723,13,8.384615384615385,0.532760559018381,0.4420943504493591,0.4615384615384614,0.4615384615384614,0.48063296232970254,48.06329623297025,0.5652173913043478,Low Risk,0.0
joyn-munich-rose,Solo traveller,1.6193634903453693,0.0007600240517981629,0.12458558215858595,118,8.576271186440678,0.41021748090287646,0.3649151025748191,0.40677966101694907,0.40677966101694907,0.39542353044438466,39.542353044438464,0.921875,Low Risk,2.0
la-pepa-chic-bed,Couple,2.595084445029902,0.007332188417211427,-1.1183522709487592,60,7.333333333333333,0.6573873068753479,0.3226257430020226,0.761904761904762,0.761904761904762,0.5935399469736452,59.35399469736452,0.8571428571428571,Moderate Risk,3.0
la-pepa-chic-bed,Family,3.147347629584199,0.01983514159527064,-1.5350189376154253,24,6.916666666666667,0.7972867264398503,0.24217402979604347,0.8809523809523808,0.8809523809523808,0.660035896526094,66.00358965260939,0.7058823529411765,Moderate Risk,3.0
la-pepa-chic-bed,Group,2.57203899958469,0.016240982852243926,-1.4516856042820923,14,7.0,0.6515494300594371,0.2653010642088551,0.8571428571428571,0.8571428571428571,0.6076326197834594,60.76326197834594,0.5833333333333334,Moderate Risk,3.0
la-pepa-chic-bed,Solo traveller,2.6256756262288943,0.007618619714773297,-0.8759280285245161,66,7.575757575757576,0.6651366709706305,0.32078266734809613,0.6926406926406925,0.6926406926406925,0.5714568774683919,57.145687746839194,0.868421052631579,Moderate Risk,3.0
le-fiorentine-boutique-apartments,Couple,0.6370220572706061,0.0012832208844198937,0.8816477290512417,24,9.333333333333334,0.16137055403007974,0.36154853141927595,0.1904761904761903,0.1904761904761903,0.2316109200029773,23.16109200029773,0.7058823529411765,Very Low Risk,1.0
le-fiorentine-boutique-apartments,Family,1.203635948199587,0.0019759262130179494,0.7130202780708483,85,9.16470588235294,0.30490529738278516,0.3570912380391471,0.23865546218487413,0.23865546218487413,0.2973736372604249,29.73736372604249,0.8947368421052632,Low Risk,1.0
le-fiorentine-boutique-apartments,Group,0.8782037520219095,0.00458195874570962,0.7705366179401292,18,9.222222222222221,0.22246674883169618,0.340322417190207,0.22222222222222246,0.22222222222222246,0.25773786502593365,25.773786502593367,0.6428571428571429,Low Risk,1.0
le-fiorentine-boutique-apartments,Solo traveller,2.8284271247461903,-0.04819277108433735,-0.45168560428209226,2,8.0,0.7164977208318386,0.6799075830581187,0.5714285714285714,0.5714285714285714,0.6547464772085791,65.47464772085792,0.16666666666666666,Moderate Risk,3.0
loreto-rooms-amp-apartments,Couple,1.6437014284732225,0.0009493108498131755,0.12726176413896084,19,8.578947368421053,0.4163827722217815,0.36369711455465237,0.40601503759398483,0.40601503759398483,0.39694836780191395,39.694836780191395,0.6551724137931034,Low Risk,2.0
loreto-rooms-amp-apartments,Family,1.4588237025443465,0.0026362400702414413,0.3293362935281259,137,8.781021897810218,0.3695495099815533,0.35284237136655155,0.3482794577685091,0.3482794577685091,0.3570928501224873,35.709285012248735,0.9319727891156463,Low Risk,2.0
loreto-rooms-amp-apartments,Group,1.9196416734873651,-0.002329026734263918,0.3309230913700816,46,8.782608695652174,0.48628400987737563,0.3847919608162052,0.3478260869565218,0.3478260869565218,0.4073761221367257,40.73761221367257,0.8214285714285714,Low Risk,2.0
loreto-rooms-amp-apartments,Solo traveller,0.5773502691896257,0.008456659619450317,-0.11835227094875833,3,8.333333333333334,0.1462544848254261,0.31539020165570625,0.476190476190476,0.476190476190476,0.3124727968522776,31.24727968522776,0.23076923076923078,Low Risk,1.0
m7-contemporary-apartments-my-extra-home,Couple,1.8782379449307742,-0.007823250310005645,0.29831439571790774,28,8.75,0.4757956091386083,0.420145184419472,0.35714285714285715,0.35714285714285715,0.4175720185243545,41.75720185243545,0.7368421052631579,Low Risk,2.0
m7-contemporary-apartments-my-extra-home,Family,1.635643999957616,-0.003844634827479038,0.4106997168188258,109,8.862385321100918,0.41434166283038587,0.3945443181922192,0.3250327653997377,0.3250327653997377,0.37714434533820895,37.71443453382089,0.9159663865546218,Low Risk,2.0
m7-contemporary-apartments-my-extra-home,Group,1.6686262989328067,-0.012075066336638306,0.48949086630614325,34,8.941176470588236,0.4226967453554974,0.447503991471514,0.30252100840336127,0.30252100840336127,0.38807741125705475,38.807741125705476,0.7727272727272727,Low Risk,2.0
m7-contemporary-apartments-my-extra-home,Solo traveller,0.9574271077563381,-0.006864988558352402,0.7983143957179077,4,9.25,0.24253562503633297,0.4139791372046785,0.21428571428571427,0.21428571428571427,0.28408120992412006,28.408120992412005,0.2857142857142857,Low Risk,1.0
munico,Couple,1.9218889718121104,0.0029635510168232303,-0.3234804760769645,39,8.128205128205128,0.48685329593520665,0.3507362508341812,0.5347985347985349,0.5347985347985349,0.46279901600706386,46.27990160070639,0.7959183673469388,Low Risk,0.0
munico,Family,1.1600623607595688,0.005899915233258568,0.17331439571790774,48,8.625,0.29386722756083716,0.33184187216662664,0.39285714285714285,0.39285714285714285,0.339906091296281,33.990609129628105,0.8275862068965517,Low Risk,2.0
munico,Group,1.753783788201264,-0.008178621028449433,-0.31532196791845557,22,8.136363636363637,0.4442688574452111,0.42243185883269896,0.5324675324675324,0.5324675324675324,0.46858729411926986,46.85872941192699,0.6875,Low Risk,0.0
munico,Solo traveller,2.023755972268919,0.002244593684403262,-1.1575679572232689,17,7.294117647058823,0.5126582647168679,0.35536246580047337,0.773109243697479,0.773109243697479,0.5566273676851634,55.66273676851634,0.6296296296296297,Moderate Risk,3.0
my4walls-serviced-apartments-hamburg,Couple,2.1939176060935615,0.00519167369232774,-0.6113494698283111,119,7.840336134453781,0.5557636435833355,0.3363991351204317,0.6170468187274911,0.6170468187274911,0.5114034023449188,51.14034023449187,0.9224806201550387,Moderate Risk,0.0
my4walls-serviced-apartments-hamburg,Family,1.7767630211588212,0.005219352692337601,-0.5840385454585633,408,7.867647058823529,0.45008996130060247,0.3362210313605512,0.6092436974789918,0.6092436974789918,0.4716330899810234,47.16330899810234,0.9760765550239234,Low Risk,0.0
my4walls-serviced-apartments-hamburg,Group,1.6638849811615382,0.006447266502203331,-0.17984094408791762,103,8.271844660194175,0.42149567379627945,0.3283198764680946,0.4937586685159501,0.4937586685159501,0.4188349827497087,41.88349827497087,0.911504424778761,Low Risk,2.0
my4walls-serviced-apartments-hamburg,Solo traveller,2.0508381019043496,0.010242470836340563,-0.20926136185785005,99,8.242424242424242,0.5195187151733384,0.30389919070691723,0.5021645021645023,0.5021645021645023,0.44875888328031943,44.87588832803194,0.908256880733945,Low Risk,0.0
ndsm-serviced-apartments,Couple,1.4142135623730951,0.034482758620689655,0.5483143957179077,2,9.0,0.3582488604159193,0.14792222645825387,0.2857142857142857,0.2857142857142857,0.2697637690830479,26.97637690830479,0.16666666666666666,Low Risk,1.0
ndsm-serviced-apartments,Family,1.9996866922515435,-0.0040958507486227366,-0.4165978849838474,57,8.035087719298245,0.5065610299238519,0.3961607963916334,0.56140350877193,0.56140350877193,0.49263582746101364,49.26358274610136,0.8507462686567164,Low Risk,0.0
ndsm-serviced-apartments,Group,2.143082599972066,0.004685102029216166,-0.4213825739790611,33,8.030303030303031,0.5428861097392232,0.3396587296800951,0.5627705627705625,0.5627705627705625,0.48887745428245355,48.88774542824535,0.7674418604651163,Low Risk,0.0
numa-i-arc-rooms-amp-apartments,Couple,1.8359863401046483,0.0030221601240188523,-0.24973120688795625,307,8.201954397394136,0.46509242421489444,0.35035912368540206,0.5137273150302468,0.5137273150302468,0.44769464584142005,44.76946458414201,0.9684542586750788,Low Risk,0.0
numa-i-arc-rooms-amp-apartments,Family,1.9998151547864658,0.0029709029105560243,-0.12798618231677494,173,8.323699421965317,0.5065935720787049,0.3506889442148819,0.47894302229562363,0.47894302229562363,0.45014449129547957,45.014449129547955,0.9453551912568307,Low Risk,0.0
numa-i-arc-rooms-amp-apartments,Group,1.785622963306814,0.007208626431174619,-0.1141856042820919,80,8.3375,0.4523343636046952,0.32342081703951,0.4749999999999999,0.4749999999999999,0.42159327237349625,42.15932723734962,0.8888888888888888,Low Risk,2.0
numa-i-arc-rooms-amp-apartments,Solo traveller,1.9924757508805324,-0.002238821021033762,-0.5775597301562181,143,7.874125874125874,0.5047343528239973,0.3842115216138039,0.6073926073926074,0.6073926073926074,0.5045078925599528,50.450789255995275,0.934640522875817,Moderate Risk,0.0
numa-i-blend-apartments,Couple,2.6332407315774113,0.0038927938187973982,-0.3330415364854815,59,8.11864406779661,0.667053064959587,0.3447569294419891,0.5375302663438255,0.5375302663438255,0.5250312447887912,52.503124478879116,0.855072463768116,Moderate Risk,0.0
numa-i-blend-apartments,Family,1.9150576853055694,-0.0071464487322775005,0.022890666904348933,59,8.474576271186441,0.48512279308100104,0.41579022558268375,0.4358353510895882,0.4358353510895882,0.4470724181345113,44.707241813451134,0.855072463768116,Low Risk,0.0
numa-i-blend-apartments,Group,1.5335509956067592,0.004627350031948296,0.07005352615269089,23,8.521739130434783,0.38847944269741075,0.34003034165489004,0.4223602484472048,0.4223602484472048,0.3858029943970825,38.58029943970825,0.696969696969697,Low Risk,2.0
numa-i-blend-apartments,Solo traveller,1.7763172662289333,0.00396098274870056,0.24528409268760498,33,8.696969696969697,0.44997704257325755,0.344318159804587,0.37229437229437223,0.37229437229437223,0.3910904431450465,39.10904431450465,0.7674418604651163,Low Risk,2.0
numa-i-colmena-apartments,Couple,2.185812841434,-0.001309779246251661,-0.007241159837647615,9,8.444444444444445,0.5537105429905546,0.3782334937545693,0.44444444444444436,0.44444444444444436,0.46282429372862044,46.28242937286204,0.47368421052631576,Low Risk,0.0
numa-i-colmena-apartments,Family,0.9807872322635109,0.0008364118456921415,0.6492318269105688,109,9.100917431192661,0.24845321641469992,0.3644235763890232,0.256880733944954,0.256880733944954,0.2861939555425858,28.61939555425858,0.9159663865546218,Low Risk,1.0
numa-i-colmena-apartments,Group,1.5525000516123695,-0.005598389859366821,0.6508784982820099,39,9.102564102564102,0.3932796213271334,0.40582905987281476,0.2564102564102565,0.2564102564102565,0.3491401751699309,34.91401751699309,0.7959183673469388,Low Risk,2.0
numa-i-colmena-apartments,Solo traveller,,0.0,1.5483143957179077,1,10.0,,0.3698055661456347,0.0,0.0,,,0.09090909090909091,,
numa-i-craft-rooms-amp-apartments,Couple,1.949402490002311,0.0037097458492814767,-0.14556315530250075,49,8.306122448979592,0.4938230258260247,0.3459347729911655,0.48396501457725954,0.48396501457725954,0.44600624603849914,44.600624603849916,0.8305084745762712,Low Risk,0.0
numa-i-craft-rooms-amp-apartments,Family,1.0555973258234952,-0.007451542394007456,0.26260011000362127,21,8.714285714285714,0.26740412416904247,0.4177533863995645,0.36734693877551045,0.36734693877551045,0.34748888795046284,34.748888795046284,0.6774193548387096,Low Risk,2.0
numa-i-craft-rooms-amp-apartments,Group,2.023816526598529,0.014357419385485033,0.23581439571790774,16,8.6875,0.5126736043516679,0.2774210734318656,0.375,0.375,0.3939120835526434,39.39120835526434,0.6153846153846154,Low Risk,2.0
numa-i-craft-rooms-amp-apartments,Solo traveller,1.3956046783744507,0.0013411381523553113,-0.22946338205987082,18,8.222222222222221,0.3535348542265432,0.36117585599105867,0.5079365079365081,0.5079365079365081,0.4098677335543855,40.98677335543855,0.6428571428571429,Low Risk,2.0
numa-i-drejervej,Couple,1.2225041720370757,0.0012571152339802332,0.43066733689437875,119,8.882352941176471,0.3096849995916298,0.3617165112774996,0.31932773109243684,0.31932773109243684,0.32866940912267323,32.866940912267324,0.9224806201550387,Low Risk,1.0
numa-i-drejervej,Family,1.4417251570848824,0.00014322953966025976,0.13164772905124167,36,8.583333333333334,0.3652181030508037,0.36888393893618526,0.4047619047619046,0.4047619047619046,0.38015818441530347,38.01581844153035,0.782608695652174,Low Risk,2.0
numa-i-drejervej,Group,0.9364856366189409,0.0026073821016379096,0.37184380748261425,34,8.823529411764707,0.23723072740982712,0.35302806133761155,0.3361344537815124,0.3361344537815124,0.30658623181825234,30.658623181825234,0.7727272727272727,Low Risk,1.0
numa-i-drejervej,Solo traveller,1.5352853514776066,0.0029144483978397273,0.07373812453146655,59,8.525423728813559,0.3889187900709744,0.35105220737371745,0.4213075060532689,0.4213075060532689,0.3888948658556004,38.88948658556004,0.855072463768116,Low Risk,2.0
numa-i-felice-rooms-amp-apartments,Couple,1.3376430203414906,0.002599746457531904,0.37184380748261425,68,8.823529411764707,0.33885199550520456,0.3530771937818438,0.3361344537815124,0.3361344537815124,0.3421684153849041,34.216841538490414,0.8717948717948718,Low Risk,2.0
numa-i-felice-rooms-amp-apartments,Family,1.7282449343529895,0.0002909828412846168,0.2541967486590835,68,8.705882352941176,0.43779934991756425,0.3679332030517721,0.36974789915966405,0.36974789915966405,0.3930214980925615,39.30214980925615,0.8717948717948718,Low Risk,2.0
numa-i-felice-rooms-amp-apartments,Group,0.8342100651206134,-0.0010923542061350088,0.7062091325600122,19,9.157894736842104,0.21132225933080553,0.3768344469276197,0.24060150375939873,0.24060150375939873,0.2712236511598574,27.12236511598574,0.6551724137931034,Low Risk,1.0
numa-i-felice-rooms-amp-apartments,Solo traveller,2.5975474485084478,0.012584991964396091,-0.5945427471392355,14,7.857142857142857,0.6580112354055684,0.28882596478266204,0.6122448979591838,0.6122448979591838,0.5312374361124619,53.12374361124619,0.5833333333333334,Moderate Risk,0.0
numa-i-goya-apartments,Couple,1.7582224415147685,-0.008390114664900425,-0.14399329658978388,65,8.307692307692308,0.44539325798389356,0.4237927393496719,0.4835164835164833,0.4835164835164833,0.45225623133003345,45.225623133003346,0.8666666666666667,Low Risk,0.0
numa-i-goya-apartments,Family,1.7867030229749132,-0.0005592182717212157,0.3175451649486778,13,8.76923076923077,0.4526079645342666,0.37340392146020224,0.3516483516483514,0.3516483516483514,0.393510887101977,39.3510887101977,0.5652173913043478,Low Risk,2.0
numa-i-goya-apartments,Group,1.9407902170679516,-0.009934590437614604,-0.2850189376154262,6,8.166666666666666,0.4916413631363049,0.4337308491826379,0.523809523809524,0.523809523809524,0.48552706518583144,48.55270651858314,0.375,Low Risk,0.0
numa-i-goya-apartments,Solo traveller,1.6186289498891817,-0.006680144279026551,-0.10793560428209226,32,8.34375,0.41003140696867024,0.4127897350901296,0.4732142857142857,0.4732142857142857,0.43297291296607343,43.29729129660734,0.7619047619047619,Low Risk,2.0
numa-i-leo-apartments,Couple,0.9073928715621604,0.0032902925056459958,0.6964625438660565,27,9.148148148148149,0.2298609423892037,0.348633794544303,0.2433862433862432,0.2433862433862432,0.2702266533846973,27.022665338469732,0.7297297297297297,Low Risk,1.0
numa-i-leo-apartments,Family,1.3135791548583706,0.0008055711633158007,0.5483143957179077,103,9.0,0.33275613232308116,0.3646220243635363,0.2857142857142857,0.2857142857142857,0.3258512536221393,32.58512536221393,0.911504424778761,Low Risk,1.0
numa-i-leo-apartments,Group,1.1762855940383434,0.00018459802777756693,0.437203284606797,54,8.88888888888889,0.29797690023617907,0.368617748565448,0.31746031746031733,0.31746031746031733,0.32598835076340815,32.59883507634081,0.84375,Low Risk,1.0
numa-i-leo-apartments,Solo traveller,0.9138735334633755,-0.000222412117948658,0.8340286814321942,14,9.285714285714286,0.23150262494877083,0.37123670290763905,0.204081632653061,0.204081632653061,0.26382550103293284,26.382550103293283,0.5833333333333334,Low Risk,1.0
numa-i-luna-apartments,Couple,1.2273920433464507,0.0029823540118704196,0.5614722904547502,76,9.013157894736842,0.3109231961222195,0.35061526076540256,0.281954887218045,0.281954887218045,0.3126919073987134,31.269190739871338,0.8837209302325582,Low Risk,1.0
numa-i-luna-apartments,Family,1.1259916264596033,0.004108504313722239,0.6733143957179077,8,9.125,0.2852364223831422,0.34336891505642236,0.25,0.25,0.29034342235102645,29.034342235102645,0.4444444444444444,Low Risk,1.0
numa-i-luna-apartments,Group,0.7385489458759964,-0.0013506496164206253,0.5483143957179077,12,9.0,0.18708936561000963,0.3784964789271625,0.2857142857142857,0.2857142857142857,0.2790302216416521,27.903022164165208,0.5454545454545454,Low Risk,1.0
numa-i-luna-apartments,Solo traveller,2.1191291792888314,-0.007391403229474639,-0.1897808423773295,42,8.261904761904763,0.536818224455736,0.4173664139180605,0.4965986394557821,0.4965986394557821,0.4869058265444494,48.69058265444494,0.8076923076923077,Low Risk,0.0
numa-i-novela-rooms-amp-apartments,Couple,1.3508040628526787,0.0024530714342327494,0.35413963843635443,103,8.805825242718447,0.34218595340729596,0.3540209913583757,0.3411927877947295,0.3411927877947295,0.3453888568282216,34.53888568282216,0.911504424778761,Low Risk,2.0
numa-i-novela-rooms-amp-apartments,Family,1.3634252562077565,0.0007784016304618955,0.3659244586109889,159,8.817610062893081,0.3453831566139731,0.3647968498974701,0.3378256963162625,0.3378256963162625,0.3485621534948235,34.85621534948235,0.9408284023668639,Low Risk,2.0
numa-i-novela-rooms-amp-apartments,Group,1.1285944755296644,0.00021654723758412055,0.29341243493359315,51,8.745098039215685,0.2858957766263721,0.3684121676416527,0.358543417366947,0.358543417366947,0.3360773681901575,33.60773681901575,0.8360655737704918,Low Risk,1.0
numa-i-novela-rooms-amp-apartments,Solo traveller,1.9010786899885963,-0.006246931015297032,-0.02744318003966839,99,8.424242424242424,0.4815816312117417,0.41000217372328757,0.45021645021645035,0.45021645021645035,0.4491299806168535,44.91299806168535,0.908256880733945,Low Risk,0.0
numa-i-poise-rooms-and-apartments,Couple,1.5968976491329179,0.0018382219477866325,0.43402868143219386,175,8.885714285714286,0.4045264295462905,0.35797731222465,0.3183673469387754,0.3183673469387754,0.360406015437168,36.0406015437168,0.9459459459459459,Low Risk,2.0
numa-i-poise-rooms-and-apartments,Family,1.2110601416389966,0.005603915944416464,0.5483143957179077,136,9.0,0.30678599553894814,0.33374651417847456,0.2857142857142857,0.2857142857142857,0.30749905269217426,30.749905269217425,0.9315068493150684,Low Risk,1.0
numa-i-poise-rooms-and-apartments,Group,1.4705272513032177,-0.004668516886453976,0.43893939571790774,64,8.890625,0.3725142552769188,0.3998456835720816,0.3169642857142857,0.3169642857142857,0.36127119441854605,36.1271194418546,0.8648648648648649,Low Risk,2.0
numa-i-poise-rooms-and-apartments,Solo traveller,1.1691615694634356,0.003307028594836243,0.5683143957179073,50,9.02,0.2961722409163709,0.3485261042227807,0.28000000000000014,0.28000000000000014,0.30621811558756407,30.621811558756406,0.8333333333333334,Low Risk,1.0
numa-i-portico-rooms,Couple,1.8659267125500587,-0.013334524276168587,-0.3173572460731364,67,8.134328358208956,0.4726769253075001,0.4556081207522582,0.5330490405117269,0.5330490405117269,0.48868652426240694,48.86865242624069,0.8701298701298701,Low Risk,0.0
numa-i-portico-rooms,Family,1.9701723141310308,-0.006110007893828009,-0.5569487621768294,57,7.894736842105263,0.4990844417982115,0.40912112589860045,0.6015037593984963,0.6015037593984963,0.5079422081884278,50.79422081884278,0.8507462686567164,Moderate Risk,0.0
numa-i-portico-rooms,Group,2.016017729430998,0.0012208758357864949,-0.24115928849261792,19,8.210526315789474,0.5106980115047187,0.36194969791978476,0.5112781954887217,0.5112781954887217,0.46627658182363957,46.62765818236396,0.6551724137931034,Low Risk,0.0
numa-i-portico-rooms,Solo traveller,1.9697002441487956,0.003519213151165346,-0.42227383957621,68,8.029411764705882,0.49896485693658105,0.3471607779011175,0.5630252100840336,0.5630252100840336,0.47584475682755034,47.584475682755034,0.8717948717948718,Low Risk,0.0
numa-i-prestigio-apartments,Couple,,0.0,0.5483143957179077,1,9.0,,0.3698055661456347,0.2857142857142857,0.2857142857142857,,,0.09090909090909091,,
numa-i-prestigio-apartments,Family,1.3153549825650603,-0.004720396438075356,0.937203284606797,36,9.38888888888889,0.33320598535033474,0.4001795086091634,0.17460317460317448,0.17460317460317448,0.29778705856647725,29.778705856647726,0.782608695652174,Low Risk,1.0
numa-i-prestigio-apartments,Group,0.7895420339517227,0.0041564457979185445,0.9119507593542711,22,9.363636363636363,0.20000694480615516,0.34306042997435404,0.1818181818181819,0.1818181818181819,0.23655692331082417,23.655692331082417,0.6875,Very Low Risk,1.0
numa-i-prestigio-apartments,Solo traveller,,0.0,0.5483143957179077,1,9.0,,0.3698055661456347,0.2857142857142857,0.2857142857142857,,,0.09090909090909091,,
numa-i-terra-apartments,Couple,1.757556900865775,-0.007107182234982966,0.3955366179401292,72,8.847222222222221,0.4452246630945458,0.4155375607175152,0.3293650793650796,0.3293650793650796,0.3957676780761234,39.57676780761234,0.8780487804878049,Low Risk,2.0
numa-i-terra-apartments,Family,1.2347711623401563,0.004709716099202763,0.7342298886756549,355,9.185915492957747,0.31279247601084714,0.3395003475705893,0.2325955734406437,0.2325955734406437,0.2927359215791986,29.273592157919857,0.9726027397260274,Low Risk,1.0
numa-i-terra-apartments,Group,1.261906332660072,0.0003159346452977067,0.8560067034102161,78,9.307692307692308,0.3196663627440427,0.3677726477532082,0.1978021978021976,0.1978021978021976,0.29144579051714653,29.144579051714654,0.8863636363636364,Low Risk,1.0
numa-i-terra-apartments,Solo traveller,0.8481145238787243,-0.006249721065751975,0.6009459746652759,19,9.052631578947368,0.21484453958417454,0.4100201266289598,0.2706766917293234,0.2706766917293234,0.29293846894841225,29.293846894841224,0.6551724137931034,Low Risk,1.0
numa-i-tullo-rooms,Couple,1.6894134032435113,-0.002762119353752884,0.018902631012025495,51,8.470588235294118,0.4279625387468156,0.38757874588358404,0.43697478991596633,0.43697478991596633,0.4190016887970489,41.90016887970489,0.8360655737704918,Low Risk,2.0
numa-i-tullo-rooms,Family,1.6323345640622384,-0.0011154899521397493,-0.19362108815306023,31,8.258064516129032,0.41350331587227224,0.37698331658872075,0.4976958525345623,0.4976958525345623,0.4320147039190083,43.201470391900834,0.7560975609756098,Low Risk,2.0
numa-i-tullo-rooms,Group,1.1547005383792515,-0.0073114972991563665,0.5483143957179077,13,9.0,0.2925089696508522,0.416852249872345,0.2857142857142857,0.2857142857142857,0.3274338143395018,32.743381433950184,0.5652173913043478,Low Risk,1.0
numa-i-tullo-rooms,Solo traveller,1.36289077492212,0.009804788557113942,0.4816477290512413,30,8.933333333333334,0.3452477617085731,0.30671550847618406,0.3047619047619047,0.3047619047619047,0.3195180358075224,31.95180358075224,0.75,Low Risk,1.0
numa-i-turi-apartments-zurich,Couple,1.6768317464439753,0.014896076358217153,-0.157567957223268,51,8.294117647058824,0.4247753509482384,0.2739550221982504,0.48739495798319304,0.48739495798319304,0.4014461147854761,40.14461147854761,0.8360655737704918,Low Risk,2.0
numa-i-turi-apartments-zurich,Family,2.0997835386274724,0.024099414497733618,-0.5880492406457289,22,7.863636363636363,0.5319175829222762,0.21473506752087376,0.6103896103896105,0.6103896103896105,0.4642280379154225,46.42280379154225,0.6875,Low Risk,0.0
numa-i-turi-apartments-zurich,Group,2.356601669474803,0.02284932951138348,-0.32668560428209226,8,8.125,0.596974802820391,0.22277888543914204,0.5357142857142857,0.5357142857142857,0.4632748466188794,46.327484661887944,0.4444444444444444,Low Risk,0.0
numa-i-turi-apartments-zurich,Solo traveller,1.4803370729203418,0.0034576585547916247,0.0644434279759718,31,8.516129032258064,0.37499928123673276,0.34755685814419623,0.4239631336405531,0.4239631336405531,0.38390390265030894,38.390390265030895,0.7560975609756098,Low Risk,2.0
numa-i-verso-apartments,Couple,0.9102589898327995,0.0030977612736210365,0.9483143957179081,15,9.4,0.2305869880385968,0.3498726592542219,0.17142857142857132,0.17142857142857132,0.24566724358977537,24.566724358977538,0.6,Very Low Risk,1.0
numa-i-verso-apartments,Family,1.2687904428601744,-0.0005268885299438386,0.6328214379714296,142,9.084507042253522,0.3214102469067896,0.37319589195897523,0.26156941649899373,0.26156941649899373,0.31600164977971673,31.600164977971673,0.9342105263157895,Low Risk,1.0
numa-i-verso-apartments,Group,1.361114094757441,0.012313664221114434,0.748314395717907,20,9.2,0.3447976927364924,0.2905718548517081,0.2285714285714288,0.2285714285714288,0.2878507489132848,28.78507489132848,0.6666666666666666,Low Risk,1.0
numa-i-verso-apartments,Solo traveller,2.6012817353502227,0.016573446087768895,-0.5516856042820919,10,7.9,0.6589572056897786,0.2631617906712301,0.5999999999999999,0.5999999999999999,0.5195835591927914,51.95835591927914,0.5,Moderate Risk,0.0
numa-i-voga-rooms-amp-apartments,Couple,0.9733285267845752,-0.004642238177766775,0.5483143957179077,20,9.0,0.24656377566183166,0.3996765901503421,0.2857142857142857,0.2857142857142857,0.30620029852674374,30.620029852674374,0.6666666666666666,Low Risk,1.0
numa-i-voga-rooms-amp-apartments,Family,0.0,0.0,1.5483143957179077,5,10.0,0.0,0.3698055661456347,0.0,0.0,0.1109416698436904,11.094166984369041,0.3333333333333333,Very Low Risk,1.0
numa-i-voga-rooms-amp-apartments,Group,1.0,-0.09793814432989692,0.5483143957179077,3,9.0,0.2533201985524494,1.0,0.2857142857142857,0.2857142857142857,0.48866206949335733,48.866206949335734,0.23076923076923078,Low Risk,0.0
numa-i-voga-rooms-amp-apartments,Solo traveller,2.3884799382374413,0.03125195846999102,0.15357755361264402,38,8.605263157894736,0.6050502121928508,0.16871118754993955,0.3984962406015039,0.3984962406015039,0.401854614743006,40.185461474300595,0.7916666666666666,Low Risk,2.0
numa-l-bloc-apartments,Couple,2.3461022578301662,0.0065520612402536075,-0.5880492406457289,66,7.863636363636363,0.5943150897778876,0.32764556248074705,0.6103896103896105,0.6103896103896105,0.5199403138028484,51.994031380284845,0.868421052631579,Moderate Risk,0.0
numa-l-bloc-apartments,Family,1.401020036565196,0.005841621029367869,-0.03168560428209233,50,8.42,0.3549066738386554,0.33221697303329356,0.45142857142857146,0.45142857142857146,0.38188242775351744,38.188242775351746,0.8333333333333334,Low Risk,2.0
numa-l-bloc-apartments,Group,2.1846572437632577,0.007013362860109711,-0.7850189376154253,45,7.666666666666667,0.5534178067591553,0.3246772633042577,0.6666666666666666,0.6666666666666666,0.524432744690315,52.4432744690315,0.8181818181818182,Moderate Risk,0.0
numa-l-bloc-apartments,Solo traveller,2.4998582111585015,0.007616998838694272,-1.0971401497366378,110,7.3545454545454545,0.6332645784036426,0.3207930970646275,0.7558441558441559,0.7558441558441559,0.5824259861061177,58.24259861061177,0.9166666666666666,Moderate Risk,3.0
numa-l-lief,Couple,1.9499718238876933,0.00044387718357646373,-0.15984011071986082,233,8.291845493562231,0.4939672495989124,0.36694938654044845,0.4880441446965053,0.4880441446965053,0.45378880396553073,45.37888039655307,0.9588477366255144,Low Risk,0.0
numa-l-lief,Family,1.7424224619867699,-0.001518747857480701,-0.20168560428209226,112,8.25,0.4413908040327363,0.3795781267017,0.5,0.5,0.44336021942196774,44.33602194219677,0.9180327868852459,Low Risk,0.0
numa-l-lief,Group,2.096826590260369,0.0034887594714759864,-0.7209163735128614,52,7.730769230769231,0.5311685281748122,0.34735673566161956,0.6483516483516484,0.6483516483516484,0.517039082482747,51.7039082482747,0.8387096774193549,Moderate Risk,0.0
numa-l-lief,Solo traveller,2.219094447131364,-0.006133885085330359,-0.47647899271184446,121,7.975206611570248,0.5621414459539551,0.4092747664773944,0.578512396694215,0.578512396694215,0.5220112748700778,52.20112748700778,0.9236641221374046,Moderate Risk,0.0
numa-l-saga-apartments,Couple,1.1676250537461599,0.0010501449367701582,0.4060379729536798,246,8.857723577235772,0.29578301044979166,0.3630482858395704,0.32636469221835085,0.32636469221835085,0.326666181685721,32.6666181685721,0.9609375,Low Risk,1.0
numa-l-saga-apartments,Family,1.1479527487547552,0.0025646837818599846,0.45978980555397264,305,8.911475409836065,0.2907996182433847,0.3533028086655612,0.3110070257611243,0.3110070257611243,0.3166231680012465,31.66231680012465,0.9682539682539683,Low Risk,1.0
numa-l-saga-apartments,Group,1.345173006004165,0.004826855991383809,0.47304557851360585,93,8.924731182795698,0.34075949296837027,0.3387465972464445,0.307219662058372,0.307219662058372,0.3284166834332931,32.84166834332931,0.9029126213592233,Low Risk,1.0
numa-l-saga-apartments,Solo traveller,1.3662859056937178,-0.0005065831506555613,0.2902498795888757,62,8.741935483870968,0.3461078169097458,0.37306523462324226,0.3594470046082949,0.3594470046082949,0.3588637579182869,35.88637579182869,0.8611111111111112,Low Risk,2.0
numa-l-solea-rooms-amp-apartments,Couple,1.8096557134354563,0.0029202231213585846,0.4956828167705396,19,8.947368421052632,0.4584223446390443,0.35101504924045357,0.30075187969924805,0.30075187969924805,0.3710154932905384,37.10154932905384,0.6551724137931034,Low Risk,2.0
numa-l-solea-rooms-amp-apartments,Family,1.4090872616342982,-0.0009770759424543205,0.42891141064328053,67,8.880597014925373,0.35695026489492765,0.3760926754695936,0.31982942430703637,0.31982942430703637,0.34970069386156544,34.970069386156545,0.8701298701298701,Low Risk,2.0
numa-l-solea-rooms-amp-apartments,Group,1.4304881321759704,-0.0040583217484177255,0.29831439571790774,28,8.75,0.36237153766973934,0.39591931165451555,0.35714285714285715,0.35714285714285715,0.37060583168076344,37.06058316807634,0.7368421052631579,Low Risk,2.0
numa-l-solea-rooms-amp-apartments,Solo traveller,0.7867957924694431,0.009490473441108543,0.9768858242893366,7,9.428571428571429,0.19931126636859112,0.30873800581813565,0.1632653061224489,0.1632653061224489,0.21952320211730472,21.952320211730473,0.4117647058823529,Very Low Risk,1.0
numa-lisbon-anjos,Solo traveller,0.0,0.0,1.5483143957179077,3,10.0,0.0,0.3698055661456347,0.0,0.0,0.1109416698436904,11.094166984369041,0.23076923076923078,Very Low Risk,1.0
numa-madrid-sol-apartments,Couple,1.3920878193318216,0.013522493933171552,0.4927588401623524,18,8.944444444444445,0.3526439627955834,0.28279349881659566,0.3015873015873015,0.3015873015873015,0.31381899217898845,31.381899217898845,0.6428571428571429,Low Risk,1.0
numa-madrid-sol-apartments,Family,0.9492622930986466,-0.003937426838352664,0.4054572528607654,14,8.857142857142858,0.2404673125661026,0.3951413992290187,0.3265306122448978,0.3265306122448978,0.3169916934525558,31.69916934525558,0.5833333333333334,Low Risk,1.0
numa-madrid-sol-apartments,Group,0.9759000729485332,-0.002359216329879989,0.8816477290512417,15,9.333333333333334,0.24721520024667232,0.38498621929687926,0.1904761904761903,0.1904761904761903,0.2686878525420657,26.868785254206568,0.6,Low Risk,1.0
numa-madrid-sol-apartments,Solo traveller,0.9831920802501751,-0.01770829013395264,0.7149810623845738,6,9.166666666666666,0.24906241298417015,0.48375162824279544,0.23809523809523828,0.23809523809523828,0.3156306663506316,31.56306663506316,0.375,Low Risk,1.0
numa-milan-sempione,Couple,1.6288314848483196,0.010960075699676101,0.43292978033329277,52,8.884615384615385,0.41261591515025736,0.2992816783609861,0.31868131868131855,0.31868131868131855,0.3457385353493474,34.57385353493474,0.8387096774193549,Low Risk,2.0
numa-milan-sempione,Family,1.687413272516967,-0.010199483024467814,0.5695909914625883,47,9.02127659574468,0.42745586523403656,0.435435331485691,0.2796352583586627,0.2796352583586627,0.37811249270315206,37.81124927031521,0.8245614035087719,Low Risk,2.0
numa-milan-sempione,Group,0.759350316537635,0.010430799963381525,1.1108143957179077,32,9.5625,0.192358772956179,0.30268736493253773,0.125,0.125,0.20188178001442394,20.188178001442395,0.7619047619047619,Very Low Risk,1.0
numa-milan-sempione,Solo traveller,1.02245010058922,-0.0044441823957312295,0.5948260236248846,43,9.046511627906977,0.25900726249123307,0.3984021770778313,0.27242524916943517,0.27242524916943517,0.3055220322045833,30.55220322045833,0.8113207547169812,Low Risk,1.0
numa-munich-obersendling,Couple,1.572686620474632,0.004051001588132847,0.21047655788006914,74,8.662162162162161,0.39839328695941445,0.34373892306347453,0.3822393822393825,0.3822393822393825,0.37634311113862123,37.634311113862125,0.8809523809523809,Low Risk,2.0
numa-munich-obersendling,Family,1.3114039117603014,0.00011015793894496206,-0.23739988999637873,14,8.214285714285714,0.3322050993095784,0.3690967420154353,0.5102040816326533,0.5102040816326533,0.4055722359344117,40.55722359344117,0.5833333333333334,Low Risk,2.0
numa-munich-obersendling,Group,1.7873008824606014,-0.02969978095606237,-0.22946338205987082,9,8.222222222222221,0.45275941441788764,0.5609122771545636,0.5079365079365081,0.5079365079365081,0.5045172559704075,50.451725597040756,0.47368421052631576,Moderate Risk,0.0
numa-munich-obersendling,Solo traveller,1.9559346287922925,-0.005096134095004329,-0.06393050224127528,49,8.387755102040817,0.495477748521275,0.4025972364679691,0.46064139941690946,0.46064139941690946,0.45542087271875525,45.54208727187552,0.8305084745762712,Low Risk,0.0
numa-paris-champs-elysees,Couple,1.992489646774544,0.0008816271330123233,0.37590060261445934,116,8.827586206896552,0.5047378729346274,0.3641326333393129,0.3349753694581281,0.3349753694581281,0.40313942483925824,40.31394248392582,0.9206349206349206,Low Risk,2.0
numa-paris-champs-elysees,Family,2.111001654603745,0.0016587507100359747,0.2541967486590835,34,8.705882352941176,0.53475935828877,0.3591321408753384,0.36974789915966405,0.36974789915966405,0.4243171823695534,42.43171823695534,0.7727272727272727,Low Risk,2.0
numa-paris-champs-elysees,Group,1.1887150534341144,-0.0010761787376515391,0.29831439571790774,24,8.75,0.3011255333582154,0.3767303639855442,0.35714285714285715,0.35714285714285715,0.34341304587103866,34.34130458710386,0.7058823529411765,Low Risk,2.0
numa-paris-champs-elysees,Solo traveller,2.3531030453540347,0.005953040887916339,-0.43697972192915024,68,8.014705882352942,0.5960885306634575,0.33150002893394886,0.5672268907563023,0.5672268907563023,0.5066104061771005,50.66104061771005,0.8717948717948718,Moderate Risk,0.0
numa-salzburg-vogelweider,Couple,1.678847839089399,0.0035469291470760426,0.3349810623845748,450,8.786666666666667,0.42528606793747725,0.3469824360867901,0.34666666666666657,0.34666666666666657,0.37427818793748735,37.427818793748735,0.9782608695652174,Low Risk,2.0
numa-salzburg-vogelweider,Family,1.30313572956112,0.0018776570315698674,0.5640624272139707,127,9.015748031496063,0.33011060175321394,0.3577235625700204,0.281214848143982,0.281214848143982,0.3212809762350247,32.12809762350247,0.927007299270073,Low Risk,1.0
numa-salzburg-vogelweider,Group,1.5417696882061365,0.003434694933153992,0.4040836264871377,104,8.85576923076923,0.39056140353852653,0.34770462025094423,0.32692307692307715,0.32692307692307715,0.35543095423684457,35.543095423684456,0.9122807017543859,Low Risk,2.0
numa-salzburg-vogelweider,Solo traveller,1.6530556877004803,-0.002273882874599421,0.19982954723306,132,8.651515151515152,0.4187523950265415,0.38443713120758244,0.38528138528138506,0.38528138528138506,0.39674296247004903,39.674296247004904,0.9295774647887324,Low Risk,2.0
numa-venice-forcola,Couple,1.7935542184985314,-0.00010834857203572253,0.24219194673831623,49,8.693877551020408,0.45434351074463125,0.37050274769303043,0.37317784256559755,0.37317784256559755,0.4007832979664892,40.07832979664892,0.8305084745762712,Low Risk,2.0
numa-venice-forcola,Family,0.7071067811865476,0.017241379310344827,1.0483143957179077,2,9.5,0.17912443020795965,0.2588638963019443,0.14285714285714285,0.14285714285714285,0.19035271946336918,19.03527194633692,0.16666666666666666,Very Low Risk,1.0
numa-venice-forcola,Group,0.816496580927726,0.005608283002588437,0.8816477290512417,6,9.333333333333334,0.20683507599800766,0.33371841383237216,0.1904761904761903,0.1904761904761903,0.23917446741568094,23.917446741568092,0.375,Very Low Risk,1.0
numa-venice-forcola,Solo traveller,1.9337574794730568,0.006706725837814716,0.08402868143219422,28,8.535714285714286,0.4898598286523989,0.32665035505503737,0.4183673469387753,0.4183673469387753,0.4158746179734222,41.587461797342215,0.7368421052631579,Low Risk,2.0
oslo-apartments-dronningensgate-15,Couple,1.517350198121779,0.006910749230238528,0.28515650098106526,95,8.736842105263158,0.3843754534618075,0.3253375426961624,0.36090225563909784,0.36090225563909784,0.3584484609941656,35.84484609941656,0.9047619047619048,Low Risk,2.0
oslo-apartments-dronningensgate-15,Family,0.9696699130424438,4.953069664924826e-05,0.47688582428933657,56,8.928571428571429,0.24563697490224823,0.3694868550903369,0.3061224489795918,0.3061224489795918,0.30396185488574506,30.396185488574506,0.8484848484848485,Low Risk,1.0
oslo-apartments-dronningensgate-15,Group,1.166099635446457,0.0035730086896172794,0.3340286814321942,28,8.785714285714286,0.29539659118323536,0.34681462422288956,0.34693877551020386,0.34693877551020386,0.3288617656095706,32.88617656095706,0.7368421052631579,Low Risk,1.0
oslo-apartments-dronningensgate-15,Solo traveller,2.2942301679413215,-0.0004928809739478538,-0.22946338205987082,36,8.222222222222221,0.581174841667915,0.37297706636610434,0.5079365079365081,0.5079365079365081,0.49308209227137934,49.30820922713794,0.782608695652174,Low Risk,0.0
palazzo-belfiore,Couple,1.3913653136029502,0.0011393386987297587,0.009852857256369418,13,8.461538461538462,0.3524609375008904,0.3624743581558669,0.4395604395604395,0.4395604395604395,0.38594978941822555,38.59497894182255,0.5652173913043478,Low Risk,2.0
palazzo-belfiore,Family,1.5205903859853973,-0.006815763839190137,0.2556314688886392,41,8.707317073170731,0.3851962584947666,0.4136623949972745,0.36933797909407673,0.36933797909407673,0.3881857016552775,38.81857016552775,0.803921568627451,Low Risk,2.0
palazzo-belfiore,Group,1.5903353943953669,-0.003848855587426096,-0.014185604282092257,16,8.4375,0.4028640778732223,0.39457147716529833,0.44642857142857145,0.44642857142857145,0.4156238704052173,41.56238704052173,0.6153846153846154,Low Risk,2.0
palazzo-belfiore,Solo traveller,0.7071067811865476,0.018867924528301886,0.04831439571790774,2,8.5,0.17912443020795965,0.24839770103367165,0.42857142857142855,0.42857142857142855,0.28721286088288733,28.721286088288732,0.16666666666666666,Low Risk,1.0
palazzo-del-moro-firenze,Couple,2.5941158858919984,0.027018418968335553,-0.04259469519118397,22,8.409090909090908,0.6571419512822243,0.19595239216638674,0.45454545454545475,0.45454545454545475,0.4478763096896037,44.78763096896037,0.6875,Low Risk,0.0
palazzo-del-moro-firenze,Family,1.851125783588643,-0.00677058624195188,0.02831439571790817,25,8.48,0.46892755104423356,0.4133716944688005,0.43428571428571416,0.43428571428571416,0.4401361512061219,44.01361512061219,0.7142857142857143,Low Risk,0.0
palazzo-del-moro-firenze,Group,1.3675269175156555,-0.0010555759403134298,0.3664962138997261,22,8.818181818181818,0.346422190270885,0.37659779287861606,0.3376623376623376,0.3376623376623376,0.35240892264021273,35.24089226402127,0.6875,Low Risk,2.0
palazzo-del-moro-firenze,Solo traveller,3.236694374850748,0.014815321817910296,-0.3088284614249499,7,8.142857142857142,0.8199200616907877,0.2744746467240983,0.5306122448979593,0.5306122448979593,0.555028701323291,55.50287013232909,0.4117647058823529,Moderate Risk,3.0
palazzo-orseolo,Couple,2.6470089584304897,0.004243194010394908,-1.2929554455519332,63,7.158730158730159,0.6705408349197239,0.34250223846456523,0.8117913832199546,0.8117913832199546,0.6215669478882571,62.1566947888257,0.863013698630137,Moderate Risk,3.0
palazzo-orseolo,Family,1.8434530988693725,0.007515603191219388,0.2340286814321928,35,8.685714285714285,0.46698390502771764,0.3214455392064807,0.3755102040816328,0.3755102040816328,0.3913065999502169,39.13065999502169,0.7777777777777778,Low Risk,2.0
palazzo-orseolo,Group,2.331501112137293,0.014052117346614658,0.009852857256369418,13,8.461538461538462,0.5906163246518757,0.27938557507580547,0.4395604395604395,0.4395604395604395,0.444377539997052,44.4377539997052,0.5652173913043478,Low Risk,0.0
palazzo-orseolo,Solo traveller,2.5448360411214073,0.020142180094786733,-1.5945427471392355,7,6.857142857142857,0.6446583712203042,0.24019835469317175,0.8979591836734695,0.8979591836734695,0.6119756506207723,61.19756506207723,0.4117647058823529,Moderate Risk,3.0
precise-tale-berlin,Couple,1.8397456704154573,-0.007544704857206249,-0.36835227094875833,264,8.083333333333334,0.4660447385156528,0.418352851155138,0.5476190476190474,0.5476190476190474,0.48028818049368643,48.028818049368645,0.9635036496350365,Low Risk,0.0
precise-tale-berlin,Family,1.5816192949192496,-0.00796058068454154,-0.18553573348105878,387,8.266149870801033,0.4006561138233294,0.4210288527616058,0.49538575119970474,0.49538575119970474,0.43992330858654366,43.99233085865436,0.9748110831234257,Low Risk,0.0
precise-tale-berlin,Group,1.585523877700313,-0.006927430638716271,-0.03331825734331595,98,8.418367346938776,0.4016452235086928,0.41438092806719523,0.4518950437317782,0.4518950437317782,0.42305337195432335,42.30533719543234,0.9074074074074074,Low Risk,2.0
precise-tale-berlin,Solo traveller,2.199014400967928,-0.004303258835397534,-0.7698674224639106,66,7.681818181818182,0.5570547646728912,0.3974953879618145,0.6623376623376623,0.6623376623376623,0.546035965842238,54.6035965842238,0.868421052631579,Moderate Risk,0.0
republika-amp-suites,Couple,1.086041978694737,0.003905927193921862,0.7705366179401292,27,9.222222222222221,0.27511636967924585,0.34467242120510355,0.22222222222222246,0.22222222222222246,0.277470233527045,27.7470233527045,0.7297297297297297,Low Risk,1.0
republika-amp-suites,Family,1.6320650610917333,0.005947196174644121,0.29831439571790774,56,8.75,0.4134350453262734,0.3315376374244592,0.35714285714285715,0.35714285714285715,0.3691635570915334,36.91635570915334,0.8484848484848485,Low Risk,2.0
republika-amp-suites,Group,1.5048639090015365,0.013067043930402191,0.7790836264871377,26,9.23076923076923,0.3812124242226844,0.2857241450791733,0.21978021978022003,0.21978021978022003,0.29606466892476857,29.606466892476856,0.7222222222222222,Low Risk,1.0
republika-amp-suites,Solo traveller,2.4205318339105477,-0.0018984947648649996,0.3175451649486778,13,8.76923076923077,0.6131696047687445,0.3820216525510451,0.3516483516483514,0.3516483516483514,0.4522927805112971,45.22927805112971,0.5652173913043478,Low Risk,0.0
retrome-barcelona,Couple,2.0960279896349987,-0.015431051949996914,-0.13168560428209197,25,8.32,0.5309662265058293,0.4690984730507235,0.4799999999999999,0.4799999999999999,0.4945677211922572,49.456772119225725,0.7142857142857143,Low Risk,0.0
retrome-barcelona,Family,0.6900655593423541,-0.009478379382976089,0.4054572528607654,7,8.857142857142858,0.1748075445068122,0.4307953058428785,0.3265306122448978,0.3265306122448978,0.30470694661596204,30.470694661596205,0.4117647058823529,Low Risk,1.0
retrome-barcelona,Group,0.9574271077563381,0.008337845154304278,-0.20168560428209226,4,8.25,0.24253562503633297,0.31615472721526966,0.5,0.5,0.3547338869272974,35.47338869272974,0.2857142857142857,Low Risk,2.0
retrome-barcelona,Solo traveller,1.9621416870348585,-0.001519170484687726,-0.5766856042820923,16,7.875,0.4970501217477084,0.37958084614584797,0.6071428571428571,0.6071428571428571,0.5003417964554523,50.03417964554523,0.6153846153846154,Moderate Risk,0.0
rodo-hotel-fashion-delight,Couple,2.0447251406731666,-0.003497958194949456,-0.30501893761542576,75,8.146666666666667,0.5179701786205116,0.3923135868907193,0.5295238095238096,0.5295238095238096,0.48431697191772827,48.43169719177283,0.8823529411764706,Low Risk,0.0
rodo-hotel-fashion-delight,Family,2.8395635196068323,0.0022368009376288133,-0.7228720449600585,59,7.728813559322034,0.7193187945890949,0.3554126091401833,0.648910411622276,0.648910411622276,0.5855040049160348,58.55040049160348,0.855072463768116,Moderate Risk,3.0
rodo-hotel-fashion-delight,Group,1.6087993330796875,-0.0010251637342748126,0.21498106238457382,18,8.666666666666666,0.4075413664867947,0.3764021019851659,0.3809523809523811,0.3809523809523811,0.38889344219926125,38.88934421992612,0.6428571428571429,Low Risk,2.0
rodo-hotel-fashion-delight,Solo traveller,2.0006037735986597,0.0023692394943243393,-0.1255986477603539,46,8.326086956521738,0.5067933451527921,0.35456041777155684,0.47826086956521763,0.47826086956521763,0.45113710048277045,45.11371004827704,0.8214285714285714,Low Risk,0.0
sevilla-luxury-rentals-catedral-sevilla,Couple,2.073644135332772,0.04411989017693717,-0.0516856042820919,5,8.4,0.5252959440896201,0.0859109773517554,0.457142857142857,0.457142857142857,0.3696268736368936,36.96268736368936,0.3333333333333333,Low Risk,2.0
sevilla-luxury-rentals-catedral-sevilla,Family,1.8051741872057239,0.003138441148859668,0.2098528572563687,65,8.661538461538461,0.4572870835247105,0.3496108998435175,0.38241758241758256,0.38241758241758256,0.39877990303285776,39.87799030328578,0.8666666666666667,Low Risk,2.0
sevilla-luxury-rentals-catedral-sevilla,Group,0.8326663997864531,0.006869770845424301,0.668314395717907,25,9.12,0.21093121772185752,0.3256012229016121,0.25142857142857167,0.25142857142857167,0.25950629307313383,25.950629307313385,0.7142857142857143,Low Risk,1.0
sevilla-luxury-rentals-horno-santa-cruz,Couple,1.424279266355945,-0.0016539032115793276,0.4054572528607654,21,8.857142857142858,0.36079870654742496,0.380447799620677,0.3265306122448978,0.3265306122448978,0.35469960146351603,35.4699601463516,0.6774193548387096,Low Risk,2.0
sevilla-luxury-rentals-horno-santa-cruz,Family,1.3172512763418918,-0.0023475546330186774,0.7635042691356286,79,9.215189873417721,0.3336863548663955,0.384911180745745,0.22423146473779404,0.22423146473779404,0.3107445910851898,31.07445910851898,0.8876404494382022,Low Risk,1.0
sevilla-luxury-rentals-horno-santa-cruz,Group,1.1035411321301214,-0.0011671793987843677,0.8513446987482105,33,9.303030303030303,0.2795492587019972,0.3773159183731157,0.19913419913419922,0.19913419913419922,0.28073398575460345,28.073398575460345,0.7674418604651163,Low Risk,1.0
sevilla-luxury-rentals-horno-santa-cruz,Solo traveller,3.444802848737017,-0.01323604898438073,-1.1183522709487592,6,7.333333333333333,0.8726381416161045,0.4549744699803194,0.761904761904762,0.761904761904762,0.7085823572263991,70.8582357226399,0.375,Moderate Risk,3.0
sketch-rooms-amp-apartments,Couple,1.6436959772967168,-0.0015165696370070037,-0.2606743683270363,89,8.191011235955056,0.4163813913286667,0.37956411068753493,0.5168539325842697,0.5168539325842697,0.44050159657578825,44.050159657578824,0.898989898989899,Low Risk,0.0
sketch-rooms-amp-apartments,Family,1.8340069158024273,-0.007155161565616904,-0.5206511215234713,58,7.931034482758621,0.46459099605763626,0.41584628932690887,0.5911330049261083,0.5911330049261083,0.49425728714238326,49.425728714238325,0.8529411764705882,Low Risk,0.0
sketch-rooms-amp-apartments,Group,2.0481884087104287,0.006286924751243781,-0.6032007557972436,33,7.848484848484849,0.5188474943673512,0.3293516142007271,0.6147186147186147,0.6147186147186147,0.4955536224403062,49.55536224403062,0.7674418604651163,Low Risk,0.0
sketch-rooms-amp-apartments,Solo traveller,1.8135455242207328,0.0026048181255386937,-0.5174750779663029,76,7.934210526315789,0.459407712279502,0.353044559541425,0.5902255639097744,0.5902255639097744,0.4732850145286742,47.32850145286742,0.8837209302325582,Low Risk,0.0
star-apart-hauptbahnhof,Couple,2.4370871833797696,0.00669880104724408,-0.8759280285245161,33,7.575757575757576,0.6173634091833929,0.32670134804598333,0.6926406926406925,0.6926406926406925,0.5565118400522249,55.65118400522249,0.7674418604651163,Moderate Risk,3.0
star-apart-hauptbahnhof,Family,2.1989302211864428,-0.0006857334002341535,-1.051685604282092,35,7.4,0.5570334402339312,0.37421799783802967,0.7428571428571428,0.7428571428571428,0.5672271034332848,56.72271034332847,0.7777777777777778,Moderate Risk,3.0
star-apart-hauptbahnhof,Group,1.3291601358251257,0.015408645204477558,-1.6183522709487592,6,6.833333333333333,0.3367031095152215,0.27065683806283936,0.9047619047619049,0.9047619047619049,0.5157098064158461,51.570980641584605,0.375,Moderate Risk,0.0
star-apart-hauptbahnhof,Solo traveller,2.6125460427324194,0.00993476364813151,-1.896130048726537,36,6.555555555555555,0.6618106822723925,0.3058791685653207,0.9841269841269842,0.9841269841269842,0.6678419338093781,66.78419338093781,0.782608695652174,Moderate Risk,3.0
star-gmbh,Couple,2.6909304560630303,0.007377846946918526,-1.2777725608038315,23,7.173913043478261,0.6816670374207201,0.3223319478573805,0.8074534161490684,0.8074534161490684,0.6178917431066401,61.78917431066401,0.696969696969697,Moderate Risk,3.0
star-gmbh,Family,1.0327955589886444,0.009590279172524606,-0.25168560428209297,10,8.2,0.2616279760670914,0.30809579417694605,0.5142857142857145,0.5142857142857145,0.3639985298765659,36.39985298765659,0.5,Low Risk,2.0
star-gmbh,Group,2.8047578623950176,-0.002883677537000127,-1.1183522709487592,6,7.333333333333333,0.7105018185934495,0.3883609262178757,0.761904761904762,0.761904761904762,0.6318505810397368,63.18505810397368,0.375,Moderate Risk,3.0
star-gmbh,Solo traveller,2.0177276999697136,-0.00446763591793259,-0.5257596783561667,27,7.925925925925926,0.5111311815811049,0.3985530915070019,0.5925925925925927,0.5925925925925927,0.5058692484128947,50.58692484128947,0.7297297297297297,Moderate Risk,0.0
stilwerk-kantgaragen-berlin63,Couple,1.528288040803937,0.007655580913117633,0.3175451649486778,78,8.76923076923077,0.38714622994178727,0.32054483619839896,0.3516483516483514,0.3516483516483514,0.35474155441606825,35.474155441606825,0.8863636363636364,Low Risk,2.0
stilwerk-kantgaragen-berlin63,Family,1.401753288100925,0.0007424031017323768,-0.11835227094875833,39,8.333333333333334,0.35509242126327517,0.36502848663704185,0.476190476190476,0.476190476190476,0.4004575600999255,40.04575600999255,0.7959183673469388,Low Risk,2.0
stilwerk-kantgaragen-berlin63,Group,0.9574271077563381,0.005956158947546713,0.5483143957179077,25,9.0,0.24253562503633297,0.33147996541490904,0.2857142857142857,0.2857142857142857,0.2843314583871892,28.43314583871892,0.7142857142857143,Low Risk,1.0
stilwerk-kantgaragen-berlin63,Solo traveller,1.5556733471319437,-0.003915319242267662,0.17457702198053404,99,8.626262626262626,0.39408348117821757,0.39499914531871655,0.3924963924963925,0.3924963924963925,0.39380269938172846,39.380269938172844,0.908256880733945,Low Risk,2.0
sunrise,Couple,1.0992186195197773,0.007294044738224178,0.8054572528607657,70,9.257142857142858,0.27845427894929936,0.3228711829615906,0.21224489795918342,0.21224489795918342,0.2686060668064461,26.86060668064461,0.875,Low Risk,1.0
sunrise,Family,1.5790292376436015,-0.00046554934823091253,0.46831439571790767,25,8.92,0.39999999999999997,0.3728011978267027,0.3085714285714286,0.3085714285714286,0.35984035934801084,35.984035934801085,0.7142857142857143,Low Risk,2.0
sunrise,Group,1.0,0.01389826986023796,0.5483143957179077,5,9.0,0.2533201985524494,0.28037552470411875,0.2857142857142857,0.2857142857142857,0.2727747269045929,27.27747269045929,0.3333333333333333,Low Risk,1.0
sunrise,Solo traveller,0.5903260526902471,-0.0010342661637684316,1.1392234866269995,22,9.590909090909092,0.1495415128781771,0.37646067263136995,0.11688311688311666,0.11688311688311666,0.20618682220586382,20.618682220586383,0.6875,Very Low Risk,1.0
sunrise-apartments,Couple,1.877181270897812,0.009874654672481107,0.21498106238457382,15,8.666666666666666,0.47552793226277307,0.3062659467929332,0.3809523809523811,0.3809523809523811,0.39164789366318387,39.16478936631839,0.6,Low Risk,2.0
sunrise-apartments,Family,1.4196448495597171,0.0009970416568447016,0.32164772905124117,150,8.773333333333333,0.35962471516442973,0.3633899850994186,0.35047619047619044,0.35047619047619044,0.3575523125040426,35.755231250404265,0.9375,Low Risk,2.0
sunrise-apartments,Group,1.3699517059983088,0.006129013859153832,0.3705366179401306,45,8.822222222222223,0.3470364381707584,0.3303677102879152,0.3365079365079363,0.3365079365079363,0.3383508442239177,33.83508442239177,0.8181818181818182,Low Risk,2.0
sunrise-apartments,Solo traveller,1.685018016012207,0.022061017162058192,-0.07668560428209226,8,8.375,0.4268490983806667,0.22785137336590994,0.4642857142857143,0.4642857142857143,0.38025259644300635,38.02525964430063,0.4444444444444444,Low Risk,2.0
the-maximilian-by-heymcollections,Couple,2.44517953401923,-0.0008425497151716355,-1.0845969966871554,79,7.367088607594937,0.6194133650541371,0.3752270507406278,0.7522603978300181,0.7522603978300181,0.5926539322316426,59.26539322316427,0.8876404494382022,Moderate Risk,3.0
the-maximilian-by-heymcollections,Family,2.0468009037016617,0.004906697231595098,-0.02744318003966839,33,8.424242424242424,0.5184960113230379,0.33823284945678145,0.45021645021645035,0.45021645021645035,0.44051921637585534,44.05192163758554,0.7674418604651163,Low Risk,0.0
the-maximilian-by-heymcollections,Group,3.024026594146497,-0.022975347425589692,-1.2016856042820923,20,7.25,0.766047017257078,0.5176431238463982,0.7857142857142857,0.7857142857142857,0.6984093931938968,69.84093931938969,0.6666666666666666,Moderate Risk,3.0
the-maximilian-by-heymcollections,Solo traveller,1.8786728732554485,-0.010960976811288221,-0.45168560428209226,18,8.0,0.4759057852681709,0.44033525223824727,0.5714285714285714,0.5714285714285714,0.49866760051533393,49.86676005153339,0.6428571428571429,Low Risk,0.0
the-wood,Couple,1.1752927853573898,-0.0003934542699343604,0.29831439571790774,100,8.75,0.2977254017439953,0.3723372936210263,0.35714285714285715,0.35714285714285715,0.3409050786967062,34.090507869670624,0.9090909090909091,Low Risk,2.0
the-wood,Family,2.040162286791961,0.0033479162509691346,0.02558712299063437,44,8.477272727272727,0.5168143155693588,0.3482630078216328,0.43506493506493527,0.43506493506493527,0.43763664006849273,43.763664006849275,0.8148148148148148,Low Risk,0.0
the-wood,Group,1.1246431142310667,-0.005854186348844908,0.4613578739787769,23,8.91304347826087,0.2848948169976589,0.4074750122744202,0.3105590062111802,0.3105590062111802,0.3306513418054197,33.065134180541975,0.696969696969697,Low Risk,1.0
the-wood,Solo traveller,1.3427472945531125,-0.0025587045476277792,0.3106906333416699,101,8.762376237623762,0.34014501126195873,0.386269849544362,0.35360678925035366,0.35360678925035366,0.3586940850426179,35.86940850426179,0.9099099099099099,Low Risk,2.0
tophotelmozart,Couple,1.9544748951367379,0.005787698655904432,-0.09642244638735598,152,8.355263157894736,0.4951079685018162,0.3325639428462237,0.46992481203007536,0.46992481203007536,0.43753065604002916,43.75306560400291,0.9382716049382716,Low Risk,0.0
tophotelmozart,Family,1.4881171841031837,0.007047695054273356,0.1483143957179074,70,8.6,0.37697014054633043,0.32445634878916285,0.4000000000000001,0.4000000000000001,0.36927645382796453,36.927645382796456,0.875,Low Risk,2.0
tophotelmozart,Group,2.1363760352762253,0.009082946574488939,-0.22946338205987082,27,8.222222222222221,0.5411872014388681,0.31136028506129454,0.5079365079365081,0.5079365079365081,0.46060138379977,46.060138379977,0.7297297297297297,Low Risk,0.0
tophotelmozart,Solo traveller,1.651562086077029,0.0075549628761959154,-0.29039528170144635,62,8.161290322580646,0.4183740355667306,0.32119227471428335,0.5253456221198155,0.5253456221198155,0.42665956260457616,42.66595626045762,0.8611111111111112,Low Risk,2.0
townhouse-nora-salzburg,Couple,1.4142135623730951,-0.043478260869565216,0.5483143957179077,2,9.0,0.3582488604159193,0.6495715161862453,0.2857142857142857,0.2857142857142857,0.4202585560014454,42.02585560014454,0.16666666666666666,Low Risk,2.0
townhouse-nora-salzburg,Family,0.9222413461394476,0.00430166333496775,0.5126001100036213,28,8.964285714285714,0.2336223609173231,0.34212601076340604,0.295918367346939,0.295918367346939,0.28797705812151353,28.797705812151353,0.7368421052631579,Low Risk,1.0
townhouse-nora-salzburg,Group,2.0375267241229382,0.017207147584381206,-0.6183522709487592,12,7.833333333333333,0.5161466743107446,0.2590841643426664,0.6190476190476192,0.6190476190476192,0.47504325197822717,47.504325197822716,0.5454545454545454,Low Risk,0.0
townhouse-nora-salzburg,Solo traveller,,0.0,1.5483143957179077,1,10.0,,0.3698055661456347,0.0,0.0,,,0.09090909090909091,,
townhouse-tessa-by-heymcollections,Couple,1.6733200530681511,0.0012420707093110943,-0.0516856042820919,5,8.4,0.42388576808501927,0.3618133170294499,0.457142857142857,0.457142857142857,0.4169040139385917,41.69040139385917,0.3333333333333333,Low Risk,2.0
townhouse-tessa-by-heymcollections,Family,2.14153072500813,0.015523612561125827,-1.3363009888974773,26,7.115384615384615,0.5424929884652304,0.26991706717244307,0.8241758241758242,0.8241758241758242,0.5593092045761021,55.93092045761021,0.7222222222222222,Moderate Risk,3.0
townhouse-tessa-by-heymcollections,Group,2.242270674512285,0.018916312892555347,-0.007241159837647615,9,8.444444444444445,0.5680124524757868,0.24808634044965716,0.44444444444444436,0.44444444444444436,0.4287858160569781,42.87858160569781,0.47368421052631576,Low Risk,2.0
townhouse-tessa-by-heymcollections,Solo traveller,,0.0,-0.45168560428209226,1,8.0,,0.3698055661456347,0.5714285714285714,0.5714285714285714,,,0.09090909090909091,,
urban-vida-granada-i,Couple,1.7233178933103168,-0.00012262938000715218,0.28515650098106526,76,8.736842105263158,0.4365512309023583,0.3705946392206483,0.36090225563909784,0.36090225563909784,0.3902871120557041,39.02871120557041,0.8837209302325582,Low Risk,2.0
urban-vida-granada-i,Family,1.8060128025544708,-0.001333361416028657,0.38164772905124167,108,8.833333333333334,0.4574995217313642,0.37838523598159796,0.33333333333333315,0.33333333333333315,0.39030707006712345,39.03070700671235,0.9152542372881356,Low Risk,2.0
urban-vida-granada-i,Group,0.7581490064402819,-0.0037736740932152644,0.8626001100036227,35,9.314285714285715,0.1920544568437945,0.3940877130557709,0.1959183673469386,0.1959183673469386,0.25401680238348784,25.401680238348785,0.7777777777777778,Low Risk,1.0
urban-vida-granada-i,Solo traveller,2.130260945496216,0.003095599138761592,0.28515650098106526,19,8.736842105263158,0.53963812568163,0.3498865717636225,0.36090225563909784,0.36090225563909784,0.42015510499134145,42.015510499134145,0.6551724137931034,Low Risk,2.0
villa-ivy-by-heymcollections,Couple,2.282203037467384,0.003947635584787716,-0.5925306747046273,71,7.859154929577465,0.5781281265882409,0.3444040436904128,0.6116700201207242,0.6116700201207242,0.5197505644552616,51.97505644552616,0.8765432098765432,Moderate Risk,0.0
villa-ivy-by-heymcollections,Family,2.5666518293105565,-0.011115390460021274,-0.6079356042820923,32,7.84375,0.6501847510159577,0.4413288449043991,0.6160714285714286,0.6160714285714286,0.5755883163269049,57.558831632690485,0.7619047619047619,Moderate Risk,3.0
villa-ivy-by-heymcollections,Group,2.431412080640045,0.01758352219753857,-0.2850189376154262,18,8.166666666666666,0.6159257910305604,0.2566623379145802,0.523809523809524,0.523809523809524,0.47590606156840354,47.59060615684035,0.6428571428571429,Low Risk,0.0
villa-ivy-by-heymcollections,Solo traveller,1.1504474832710556,0.008071490895841525,0.38164772905124167,18,8.833333333333334,0.29143158488638954,0.3178686148150921,0.33333333333333315,0.33333333333333315,0.3140283058214306,31.40283058214306,0.6428571428571429,Low Risk,1.0
villa-riedenburg-boutique-apartments,Family,2.0211646105596452,0.0034126132224852265,0.04831439571790774,48,8.5,0.5120018204541534,0.34784670759851094,0.42857142857142855,0.42857142857142855,0.43355464943850697,43.3554649438507,0.8275862068965517,Low Risk,2.0
villa-riedenburg-boutique-apartments,Group,1.3485968449808852,0.008408510949661737,0.0746301851915927,19,8.526315789473685,0.34162682053776466,0.3157000198976779,0.4210526315789472,0.4210526315789472,0.3616478142101525,36.16478142101525,0.6551724137931034,Low Risk,2.0
yays-amsterdam-docklands,Couple,1.8862616979828941,-0.0028988663119071277,0.3768858242893369,35,8.82857142857143,0.4778281878549071,0.3884586601648373,0.33469387755102026,0.33469387755102026,0.40092032094152574,40.09203209415257,0.7777777777777778,Low Risk,2.0
yays-amsterdam-docklands,Family,1.6584372341528593,0.002770180039579744,0.18946272107675988,209,8.641148325358852,0.4201156494423774,0.3519805189828337,0.38824333561175656,0.38824333561175656,0.38851980046379697,38.851980046379694,0.954337899543379,Low Risk,2.0
yays-amsterdam-docklands,Group,1.1534566246174798,-0.00084634440927805,0.623314395717907,120,9.075,0.2921938611697381,0.37525146814326904,0.2642857142857145,0.2642857142857145,0.3073432918523892,30.734329185238916,0.9230769230769231,Low Risk,1.0
yays-amsterdam-docklands,Solo traveller,0.9045340337332909,-0.004489417800897884,1.0483143957179077,12,9.5,0.22913674102276524,0.3986932495781755,0.14285714285714285,0.14285714285714285,0.24980583423142047,24.980583423142047,0.5454545454545454,Very Low Risk,1.0
yays-amsterdam-maritime,Couple,2.1658822911900777,-0.0037710616607980673,-0.6808522709487592,48,7.770833333333333,0.5486617320455046,0.3940709030541173,0.636904761904762,0.636904761904762,0.5331695437988284,53.316954379882844,0.8275862068965517,Moderate Risk,0.0
yays-amsterdam-maritime,Family,1.9678308897920953,0.0019455701424258634,-0.6469518764714417,169,7.804733727810651,0.4984913117197768,0.3572865677225071,0.6272189349112427,0.6272189349112427,0.501184556637609,50.1184556637609,0.9441340782122905,Moderate Risk,0.0
yays-amsterdam-maritime,Group,1.5750754216919023,9.966942972474485e-05,-0.01899329658978388,104,8.432692307692308,0.3989984185580757,0.3691642315536049,0.4478021978021976,0.4478021978021976,0.4071294851921771,40.71294851921771,0.9122807017543859,Low Risk,2.0
yays-amsterdam-maritime,Solo traveller,2.503331114069145,0.011788419252382117,-0.8516856042820926,10,7.6,0.6341443348585203,0.2939516049783814,0.6857142857142858,0.6857142857142858,0.5501359986939965,55.013599869399656,0.5,Moderate Risk,3.0
yays-amsterdam-salthouse-canal,Couple,2.5437350953458417,-0.01777440912099408,-0.7458032513409156,17,7.705882352941177,0.6443794794178425,0.48417707859097897,0.6554621848739496,0.6554621848739496,0.6001977060794209,60.01977060794209,0.6296296296296297,Moderate Risk,3.0
yays-amsterdam-salthouse-canal,Family,1.7233758258835497,0.0005752511029405736,-0.3743046519011397,168,8.077380952380953,0.43656590639331233,0.3661040457051349,0.5493197278911565,0.5493197278911565,0.4548911857111046,45.48911857111046,0.9438202247191011,Low Risk,0.0
yays-amsterdam-salthouse-canal,Group,1.7199181831415795,0.001060759536380898,-0.3073557073748763,97,8.144329896907216,0.435690015647393,0.3629799849580492,0.5301914580265097,0.5301914580265097,0.4469525112732807,44.69525112732807,0.9065420560747663,Low Risk,0.0
yays-amsterdam-salthouse-canal,Solo traveller,1.0,-0.004299855883951142,0.5483143957179077,7,9.0,0.2533201985524494,0.3974734912730946,0.2857142857142857,0.2857142857142857,0.3079041168752857,30.790411687528568,0.4117647058823529,Low Risk,1.0
yays-antwerp-opera,Couple,1.9549890918941533,0.004630877338021994,-0.04582786369631897,239,8.405857740585773,0.4952382249264997,0.3400076447917898,0.45546921697549336,0.45546921697549336,0.4347498981032345,43.47498981032345,0.9598393574297188,Low Risk,2.0
yays-antwerp-opera,Family,1.5712558586767955,0.0013324870821269888,0.15760401320424577,366,8.609289617486338,0.39803084609670525,0.36123152231332845,0.397345823575332,0.397345823575332,0.3867512910792116,38.67512910792116,0.973404255319149,Low Risk,2.0
yays-antwerp-opera,Group,1.3732832038267802,0.002571079524708936,0.2804572528607654,168,8.732142857142858,0.3478803738621438,0.3532616545108511,0.3622448979591835,0.3622448979591835,0.35452234149071987,35.452234149071984,0.9438202247191011,Low Risk,2.0
yays-antwerp-opera,Solo traveller,1.6549135139755005,-1.8009922852518064e-05,0.28164772905124025,75,8.733333333333333,0.4192230199474056,0.3699214530987055,0.3619047619047621,0.3619047619047621,0.3843711595778703,38.437115957787036,0.8823529411764706,Low Risk,2.0
yays-paris-issy,Couple,1.3642796140264748,0.004560996675382451,0.15248106238457382,48,8.604166666666666,0.3455995827062457,0.34045730008116465,0.398809523809524,0.398809523809524,0.3626803773048688,36.26803773048688,0.8275862068965517,Low Risk,2.0
yays-paris-issy,Family,1.486075722374731,0.0010054962172420588,0.2588407115073821,76,8.710526315789474,0.37645299705594154,0.3633355832426185,0.36842105263157876,0.36842105263157876,0.36970659236341763,36.97065923634176,0.8837209302325582,Low Risk,2.0
yays-paris-issy,Group,1.0399898784932575,-0.008580743513501275,0.1983143957179081,20,8.65,0.26345044251244976,0.425019362951153,0.3857142857142856,0.3857142857142856,0.35471346376470325,35.47134637647032,0.6666666666666666,Low Risk,2.0
yays-paris-issy,Solo traveller,2.8271205912444595,0.0013869636569316306,-1.1758235353165754,29,7.275862068965517,0.7161667495057646,0.3608809864271093,0.7783251231527094,0.7783251231527094,0.6313364513585987,63.13364513585987,0.7435897435897436,Moderate Risk,3.0
yays-the-hague-willemspark,Couple,1.7089507952287042,-0.003323817641977357,-0.0016856042820929673,40,8.45,0.4329117547637017,0.3911930591541341,0.44285714285714306,0.44285714285714306,0.4238770319135359,42.38770319135359,0.8,Low Risk,2.0
yays-the-hague-willemspark,Family,1.4639475013998493,0.0015118015393630264,0.07212391952743147,168,8.523809523809524,0.37084747172497207,0.36007770248518134,0.4217687074829932,0.4217687074829932,0.3854389734683422,38.54389734683422,0.9438202247191011,Low Risk,2.0
yays-the-hague-willemspark,Group,1.2700519339356233,0.0023295680982266982,-0.014185604282092257,48,8.4375,0.3217298080764945,0.3548156880053868,0.44642857142857145,0.44642857142857145,0.3753001392283891,37.53001392283891,0.8275862068965517,Low Risk,2.0
yays-the-hague-willemspark,Solo traveller,1.3004524099667143,-0.0018584367369855017,-0.21639148663503427,17,8.235294117647058,0.3294308627007794,0.3817638944898365,0.5042016806722691,0.5042016806722691,0.4063005585275179,40.63005585275179,0.6296296296296297,Low Risk,2.0
