mean_rating,low_score_proportion,variance_rating,rating_std,review_count,confidence_interval,recent_trend,low_score_trend,variance_trend,stay_type_variation,room_type_variation,guest_origin_variation,origin_count,max_origin_diff,main_origin_ratio,time_variation,performance_deviation,stability_index,risk_score,combined_name,normalized_risk_score,mean_rating_label,low_score_proportion_label,variance_rating_label,confidence_interval_label,recent_trend_label,stay_type_variation_label,room_type_variation_label,time_variation_label,performance_deviation_label,normalized_risk_score_label,guest_origin_variation_label,stability_index_label,max_origin_diff_label
7.97119341563786,0.15363511659807957,3.530762447429114,1.879032316760176,729,0.27325694279661317,-0.0008687700045724731,0.00013717421124828533,-0.008184727937814365,0.23333087026635704,0.4006157202536213,1.2020088979600565,45,6.5,0.6392318244170097,0.36919371580334265,-0.26840962586217504,0.4006362840113639,0.1583586852739849,Numa Fore - my4walls-serviced-apartments-hamburg,37.85,High,High,Medium,Low,Medium,Medium,Medium,Medium,High,Medium,Medium,Medium,Medium
8.742690058479532,0.06432748538011696,2.427519779841761,1.5580499927286549,171,0.4703965774843617,0.006042884990253411,0.0003898635477582846,0.012697452443368968,0.22084913070636236,0.2618321189140115,1.0414312487444803,41,4.0,0.14035087719298245,0.337951018731183,0.1625591394019404,0.6407546010551978,-16.784930351065753,Numa Root - antik-city-prague,16.07,Medium,Medium,Medium,Medium,Low,Medium,Medium,Medium,Medium,Low,Medium,Low,Low
9.043478260869565,0.08695652173913043,2.043478260869565,1.4295028019803127,23,1.2363267337933905,0.0018903591682419357,0.003780718336483932,0.0671077504725898,0.24965951439054138,,0.6689774765995719,9,1.666666666666666,0.391304347826087,0.5995111177008426,0.3305836167510247,0.8083711847311797,,Numa Lustre - friendly-rentals-mozart,,Low,Medium,Low,High,Medium,Medium,High,Medium,Low,High,Low,Low,Low
8.824468085106384,0.06648936170212766,2.34777304964539,1.5322444483976407,376,0.3107535889677102,-0.0014184397163120564,0.0002659574468085107,0.0068751528491073745,0.37116362761676086,0.4440881036032385,0.7309446797701207,56,3.0,0.16489361702127658,0.4151069450427837,0.20824148356781516,0.6490976364576998,-18.405860357694337,Numa Docklands - yays-amsterdam-docklands,13.99,Low,Medium,Medium,Low,Medium,Medium,Medium,Medium,Low,Low,Low,Low,Low
8.362068965517242,0.1206896551724138,2.9460269865067468,1.7163994251067398,116,0.6313375813922271,-0.01350574712643678,0.0005747126436781609,0.012148236226714168,0.25975662162061686,0.6754613881858126,1.4197080181337927,27,6.0,0.5948275862068966,0.568335577961743,-0.05006110203325128,0.585563937755595,-2.94752457043731,Numa Goya - numa-i-goya-apartments,33.86,Medium,Medium,Medium,Medium,High,Medium,Medium,Medium,Medium,Medium,Medium,Medium,Medium
8.879603399433428,0.03824362606232295,1.4422216864565125,1.2009253459131057,706,0.17747532289462242,0.0015580736543909343,2.948538486079559e-20,0.0014994627332226348,0.08322656368522492,0.19896110711169837,0.7577690043949354,49,4.0,0.5254957507082153,0.15410117885788546,0.23904083773020465,0.7837153708117447,-28.964401798518647,Numa Saga - numa-l-saga-apartments,0.42,Low,Low,Low,Low,Medium,Low,Low,Low,Low,Low,Low,Low,Low
8.71116504854369,0.05339805825242718,2.2107752816951316,1.486867607319203,412,0.28799341927539146,-0.0012135922330097086,0.00016181229773462786,0.01217777033813191,0.18537721474585606,0.34448456185474874,0.9877361603524124,55,5.0,0.4053398058252427,0.4939784712334193,0.14494882996890598,0.6533248166153143,-17.782367699592683,Numa Novela - numa-i-novela-rooms-amp-apartments,14.79,Medium,Low,Medium,Low,Medium,Low,Medium,Medium,Medium,Low,Low,Low,Medium
8.02158273381295,0.1510791366906475,5.122719215931603,2.263342487546152,139,0.7591825478838814,-0.014388489208633094,0.0011990407673860913,0.0470106673282064,0.4629452032290922,1.1846453782127455,2.1151988193310514,31,9.0,0.2949640287769784,0.7887531144066332,-0.24026145122277334,0.24251887009511144,22.54448930564992,Numa Ivy - villa-ivy-by-heymcollections,66.62,High,High,High,High,High,Medium,High,High,High,High,High,High,Medium
9.237704918032787,0.02459016393442623,1.323194689066522,1.1503019990709058,122,0.4123588554727533,-0.003278688524590167,2.2750471816089275e-19,-0.0009327303561333268,0.3023353843951023,0.3400235398710755,1.3581997065842053,36,8.0,0.1557377049180328,0.3347050456753692,0.43908133141468875,0.7978619175859987,-26.9091563193383,Numa Libusa - sunrise,3.06,Low,Low,Low,Medium,Medium,Medium,Medium,Medium,Low,Low,Medium,Low,Medium
8.360128617363344,0.10932475884244373,3.2956954672751797,1.8154050422082615,311,0.4051075057700011,-0.000643086816720255,0.00010718113612004293,0.005632553498170466,0.1945328592907684,0.27914022328564475,1.1306006398897663,51,5.0,0.15434083601286175,0.4006188196882504,-0.05114500752503388,0.43589196044303213,-6.301254755636032,Numa Mozart - tophotelmozart,29.55,Medium,Medium,Medium,Medium,Medium,Low,Medium,Medium,Medium,Medium,Medium,Medium,Medium
7.341463414634147,0.23170731707317074,7.171030974113423,2.677878073048402,164,0.8258162389006181,0.0016260162601626066,0.0010162601626016257,0.002074572469862648,0.30500461642273496,0.427581571452722,2.5740017762031573,40,9.0,0.38414634146341464,0.7631321238222574,-0.6201855713578137,0.08814219189314375,39.757630123909884,Numa Script - la-pepa-chic-bed,88.74,High,High,High,High,Medium,Medium,Medium,High,High,High,High,High,Medium
8.761467889908257,0.05504587155963303,2.0903056694711033,1.4457889436121385,218,0.3859967459166995,-0.0038226299694189628,0.0,0.0054044078877991545,0.20035635690710313,0.3309161027177965,0.7504337160111912,38,2.5,0.14220183486238533,0.3666403620057042,0.17304869745804213,0.6725414125890454,-20.354805753980575,Numa Strauss - sunrise-apartments,11.49,Medium,Low,Low,Medium,Medium,Low,Medium,Medium,Medium,Low,Low,Low,Low
8.76842105263158,0.09473684210526316,2.6266517357222834,1.6206948311518377,95,0.6603048070010509,0.00035087719298245487,0.0007017543859649131,-0.10654567453115543,0.3644606401045303,1.0424170846753493,1.4292670157763148,27,5.5,0.23157894736842105,0.3852124571737162,0.17693283095538723,0.4640546419645175,-7.196475181436068,Numa Molina - sevilla-luxury-rentals-catedral-sevilla,28.4,Medium,Medium,Medium,Medium,Medium,Medium,High,Medium,Medium,Medium,Medium,Medium,Medium
9.100719424460431,0.050359712230215826,2.1492023772286517,1.4660158175233484,139,0.4917389346550465,-0.005755395683453243,0.0,0.005656164723393697,0.9164157933712141,0.5561317802448773,0.9944394944117676,36,4.0,0.17985611510791366,0.5163086111056132,0.3625593276292633,0.6824339801012291,-16.798102688953875,Numa Jondo - sevilla-luxury-rentals-horno-santa-cruz,16.06,Low,Low,Low,Medium,High,High,Medium,Medium,Low,Low,Low,Low,Low
8.01171875,0.12890625,3.19594056372549,1.7877193749930356,256,0.4400718326372477,-0.004166666666666666,0.0007812500000000002,0.01607848419540228,0.14861366693493303,0.5290973967358359,1.1554192824506426,39,5.0,0.3828125,0.21610541996367896,-0.24577160990446817,0.45393679679076054,-2.3585714386201717,Numa Sketch - sketch-rooms-amp-apartments,34.61,High,Medium,Medium,Medium,Medium,Low,Medium,Low,High,Medium,Medium,Medium,Medium
8.00709219858156,0.16312056737588654,4.00709219858156,2.001772264415101,141,0.6665819920349092,0.008983451536643032,0.0007092198581560283,0.0033912121953207147,0.5326619450498747,0.6583300121604231,1.9004456175418927,29,9.0,0.5673758865248227,0.7186078183661634,-0.2483560659364371,0.3090693200215894,12.601706495227594,Numa Bona - auerberg-galerie,53.84,High,High,High,Medium,Low,High,Medium,High,High,High,High,High,Medium
8.435185185185185,0.08796296296296297,3.2888027562446163,1.813505653766929,216,0.4864314935286451,-0.0013888888888888922,0.00015432098765432112,0.010584291187739427,0.3506348568757985,0.9942728284989679,1.5562896533492458,37,7.0,0.2638888888888889,0.11990183919587019,-0.009217363822014536,0.427449136648153,-1.8177203204052028,Numa Torstraße - alte-schonhauser-str-2-10119-berlin,35.31,Medium,Medium,Medium,Medium,Medium,Medium,High,Low,Medium,Medium,Medium,Medium,Medium
8.152509652509652,0.138996138996139,3.970893109190982,1.9927099912408182,518,0.34401327011275296,-0.0027027027027027033,6.435006435006444e-05,-0.004480095859406189,0.26167400691889875,0.48591760577893195,1.6727769148346314,65,9.0,0.1583011583011583,0.7231887765158739,-0.16712385170876953,0.3279537908229614,5.601247122805514,Numa Lief - numa-l-lief,44.84,Medium,High,High,Low,Medium,Medium,Medium,High,Medium,High,High,High,Medium
8.546875,0.125,3.902529761904762,1.9754821593486391,64,0.9869215225131995,-0.01927083333333332,0.0010416666666666669,0.0007363505747126006,0.7975317369873525,0.2587914614138515,1.005928098757203,17,3.166666666666667,0.25,0.9882805632763457,0.053174121649681515,0.3071370343222894,3.5963994151945897,Numa Brio - hcristina,42.27,Medium,Medium,High,High,High,High,Low,High,Medium,High,Low,High,Low
8.745967741935484,0.04838709677419355,1.7044371163641112,1.3055409286437982,248,0.3265697364919333,-0.004973118279569889,0.0002688172043010753,-0.009334445680385618,0.1756383767675187,0.3682626378586962,1.062995729159168,43,4.0,0.16129032258064516,0.21910902538698768,0.16439009901147966,0.7201866533427609,-21.798754006250963,Numa Nørrebro - numa-i-drejervej,9.63,Medium,Low,Low,Low,Medium,Low,Medium,Low,Medium,Low,Medium,Low,Low
8.705882352941176,0.08235294117647059,3.138655462184874,1.771625090752802,85,0.7642613576077295,0.02980392156862745,-0.010980392156862745,0.008505747126436775,0.472367581131879,1.1585889137989163,1.369978405183449,25,5.5,0.2235294117647059,0.689986156237046,0.14199784266104717,0.5946582653042638,-1.949292630885835,Numa Forcola - numa-venice-forcola,35.14,Medium,Medium,Medium,High,Low,High,High,High,Medium,Medium,Medium,Medium,Medium
8.574380165289256,0.10330578512396695,4.3035732656630445,2.0745055472721794,242,0.5253774637570636,-0.005234159779614328,0.00013774104683195588,0.005894366866153714,0.37660042809781497,0.8685330936625199,1.508140737122879,59,9.0,0.10743801652892562,0.638997905204731,0.06853888989991565,0.31095616834904366,4.437148935480534,Numa Champs-Élysées - numa-paris-champs-elysees,43.35,Medium,Medium,High,Medium,High,Medium,High,Medium,Medium,High,Medium,High,Medium
8.291666666666666,0.09722222222222222,3.7869718309859155,1.9460143450103125,72,0.9145819038473446,-0.02314814814814814,0.001388888888888889,0.021392081736909305,0.1763834207376397,0.4569286196149093,1.1953286857295573,21,5.0,0.375,0.2845467834221346,-0.08938880629341696,0.2977240659569365,0.7367986483771238,Numa Belfort - belfort-berlin,38.59,Medium,Medium,High,High,High,Low,Medium,Low,Medium,Medium,Medium,High,Medium
8.11111111111111,0.16161616161616163,5.1652566271855616,2.2727200943331236,198,0.6370414162524112,-0.0063973063973064015,0.0001683501683501683,-0.004551259723673478,0.3904582095276122,0.8877609949074585,1.8305098581250636,46,9.0,0.24242424242424243,0.7002240523375816,-0.1902496532735679,0.2169091924627831,17.580330595545067,Numa Rodo - rodo-hotel-fashion-delight,60.24,High,High,High,Medium,High,Medium,High,High,High,High,High,High,Medium
8.042654028436019,0.16113744075829384,3.7267433987813137,1.9304775053808096,211,0.5239763647405562,-0.0037914691943127994,0.0006319115323854659,0.013123059323418862,0.13689427855162634,0.26930555954225643,1.1881877676773929,48,5.0,0.10426540284360189,0.4960354521951202,-0.22849073269732184,0.4304202996414947,0.925787308275744,Numa Portico - numa-i-portico-rooms,38.83,High,High,High,Medium,Medium,Low,Medium,Medium,High,Medium,Medium,Medium,Medium
8.180654338549076,0.1379800853485064,3.63825769088927,1.9074217391256896,703,0.28248576765917477,-0.002418207681365575,0.00018966334755808443,0.0035218521606906277,0.21557837195602433,0.44257552850187165,0.9940406743286296,60,4.0,0.24466571834992887,0.31384301446281276,-0.1514018382642524,0.38412710108912396,-2.8678273777662078,Numa Arc - numa-i-arc-rooms-amp-apartments,33.96,Medium,High,Medium,Low,Medium,Medium,Medium,Medium,Medium,Medium,Low,Medium,Low
8.868571428571428,0.06285714285714286,2.7584893267651887,1.6608700511374117,175,0.4955938207435615,-0.009523809523809521,0.0005714285714285715,0.03481116584564864,0.2142825354836151,0.4749903329893186,1.6824383922968527,49,9.0,0.18857142857142858,0.4093618137744685,0.2328782252225033,0.6320115112077496,-11.733138675496658,Numa Vita - m7-contemporary-apartments-my-extra-home,22.57,Low,Low,Medium,Medium,High,Medium,Medium,Medium,Low,Medium,High,Medium,Medium
9.058823529411764,0.0374331550802139,1.8836179633143584,1.3724496214121515,187,0.39599407552292476,0.04331550802139037,-0.00516934046345811,-0.21017886778535866,0.6767527467512805,0.05797590528269879,0.9996847448751746,53,5.0,0.10160427807486631,0.184508792543615,0.3391556973914785,0.635743916237023,-23.558001854336542,Numa Verso - numa-i-verso-apartments,7.37,Low,Low,Low,Medium,Low,High,Low,Low,Low,Low,Low,Medium,Medium
8.143631436314363,0.12466124661246612,3.5526835159655943,1.8848563648102192,369,0.38589916966023097,-0.0037940379403794047,0.00018066847335140022,0.0008597327352583762,0.24139424294768194,0.6305140600856227,1.024539121290571,42,5.0,0.45799457994579945,0.3211084441624608,-0.17208334687564167,0.4205794772931824,-1.3743810725642347,Numa Boxer - almodovarhotel-berlin-biohotel,35.88,Medium,Medium,Medium,Medium,Medium,Medium,Medium,Medium,Medium,Medium,Low,Medium,Medium
10.0,0.0,0.0,0.0,3,,0.0,0.0,0.0,,0.0,0.0,3,0.0,0.3333333333333333,0.0,0.8649099766726281,0.9858712480171,,Numa Anjos - numa-lisbon-anjos,,Low,Low,Low,High,Medium,High,Low,Low,Low,High,Low,Low,Low
8.959016393442623,0.08196721311475409,2.568554396423249,1.6026710193995677,122,0.5745235492877008,-0.004371584699453551,1.1375235908044637e-19,-0.011456566798567975,0.2696903721890832,0.18643920537717032,0.979803014060563,32,4.666666666666667,0.13114754098360656,0.6573482018699957,0.2834020417504959,0.6308600760267755,-16.634563701039607,Numa Republika - republika-amp-suites,16.27,Low,Medium,Medium,Medium,Medium,Medium,Low,Medium,Low,Medium,Low,Medium,Medium
7.651515151515151,0.22727272727272727,4.999766899766899,2.2360158540956054,66,1.0993626084858379,0.010606060606060608,0.0035353535353535356,0.017659352142110795,0.48486994274367423,0.6332495404873149,2.1049928615077076,22,9.0,0.5151515151515151,0.8490068485382358,-0.4469863546775887,0.22827595631833253,25.968693249114306,Numa Oben - star-gmbh,71.02,High,High,High,High,Low,High,Medium,High,High,High,High,High,Medium
8.587264150943396,0.07665094339622641,2.7645129313225376,1.6626824505366433,848,0.22413542840673628,0.0007468553459119491,3.930817610062905e-05,-0.0001233463456950793,0.15426382942870798,0.27892886855295773,1.0799939003804375,65,5.5,0.29245283018867924,0.304607755907895,0.07573606365376805,0.5297480677537992,-14.107360638598898,Numa YAYS Antwerp Opera by Numa - yays-antwerp-opera,19.51,Medium,Medium,Medium,Low,Medium,Low,Medium,Medium,Medium,Medium,Medium,Medium,Medium
8.2,0.10943396226415095,2.6303030303030304,1.62182089957647,265,0.3923318547723582,-0.0005031446540880519,0.0007547169811320754,0.009494686618954657,0.47434506123216336,0.17341545065110134,1.3363188924868128,46,5.0,0.18867924528301888,0.2813065950708429,-0.14059508245257066,0.5543718682611742,-7.156996772341328,Numa YAYS Amsterdam Prince Island by Numa - amsterdam-prince-island-by-yays,28.45,Medium,Medium,Medium,Medium,Medium,High,Low,Low,Medium,Medium,Medium,Medium,Medium
9.186046511627907,0.023255813953488372,1.2151162790697674,1.1023231282476873,129,0.3840763942871348,-0.005167958656330744,3.765291265686093e-19,-0.24360687873117703,0.6239814204130064,0.17786456215091284,0.8590882635499676,39,4.5,0.12403100775193798,0.2045538995590785,0.4102242264222156,0.7509513822750125,-29.117120100627524,Numa Fiore - le-fiorentine-boutique-apartments,0.22,Low,Low,Low,Low,High,High,Low,Low,Low,Low,Low,Low,Medium
8.809348093480935,0.055350553505535055,2.575676052327026,1.6048912898782353,813,0.2209664091367216,0.00930709307093071,-0.001148011480114801,-0.04415885538165731,0.1515194994487819,0.2552485865991755,1.3163887328433759,73,9.0,0.15867158671586715,0.1662822935510525,0.1997952457493044,0.5912423955396211,-17.750179471413198,Numa Vogelweider - numa-salzburg-vogelweider,14.83,Low,Low,Medium,Low,Low,Low,Low,Low,Low,Low,Medium,Medium,Medium
8.203619909502262,0.12669683257918551,3.7083504730563557,1.9257077849602093,221,0.5105849752753961,-0.0012066365007541476,0.0007541478129713424,0.02369584438549953,0.23751345635694776,0.6209425996889889,1.1619630394044531,41,4.0,0.2171945701357466,0.26374833456254204,-0.13857295060918162,0.39769377047803184,-0.20646175231874286,Numa Nook - frederics-serviced-apartment,37.38,Medium,Medium,Medium,Medium,Medium,Medium,Medium,Low,Medium,Medium,Medium,Medium,Low
8.892561983471074,0.05785123966942149,2.096694214876033,1.447996621154909,121,0.5212604612069605,-0.00661157024793389,0.0002754820936639118,-0.029552579082359642,0.296192472718583,0.3048878436773464,1.0663182439685026,36,5.0,0.19008264462809918,0.42619203605196104,0.2462796831796225,0.6513797165697638,-18.773549114251352,Numa Solea - numa-l-solea-rooms-amp-apartments,13.52,Low,Low,Low,Medium,High,Medium,Medium,Medium,Low,Low,Medium,Low,Medium
8.75609756097561,0.09268292682926829,2.479435676709708,1.5746223917846804,205,0.43367232651939247,0.01008130081300813,0.00016260162601626016,-0.01625455564900475,0.2130950933556337,0.15921862785809102,1.3852076170850844,58,5.0,0.0975609756097561,0.18138313637654038,0.17004875695196245,0.5603839596386245,-15.883239463652398,Numa Loreto - loreto-rooms-amp-apartments,17.23,Medium,Medium,Medium,Medium,Low,Medium,Low,Low,Medium,Medium,Medium,Medium,Medium
8.47985347985348,0.06593406593406594,2.1181588019823314,1.455389570521354,273,0.3468268667756753,0.0021978021978021965,0.0002442002442002443,0.007224958949096893,0.1235854643803884,1.4406186892204054,1.4448908625910837,51,9.0,0.27472527472527475,0.2887247873648295,0.01573496743991077,0.6626705526323412,-8.853681135206237,Numa YAYS The Hague Willemspark by Numa - yays-the-hague-willemspark,26.27,Medium,Medium,Low,Low,Medium,Low,High,Low,Medium,Medium,Medium,Low,Medium
7.737288135593221,0.22033898305084745,6.144067796610169,2.478723017323672,118,0.903816670391743,0.0036723163841807928,0.0005649717514124285,-0.07338788233002139,0.9168768739286933,1.0201789087888808,2.2552255524209306,37,9.0,0.11864406779661017,0.6897779479093396,-0.39907237166271997,0.10968025612964195,34.360297833785616,Numa Palazzo Orseolo - palazzo-orseolo,81.8,High,High,High,High,Low,High,High,High,High,High,High,High,Medium
7.726937269372693,0.19557195571955718,5.132567992346589,2.26551715781333,271,0.5418909336323221,0.0028290282902829027,0.0008610086100861011,-0.0014166348560037175,0.4479244041230607,0.3329210324789476,2.1243718765019914,51,9.0,0.35424354243542433,0.3784432498820701,-0.40485450963553565,0.18038821120035886,19.084064495630294,Numa Bloc - numa-l-bloc-apartments,62.17,High,High,High,Medium,Medium,Medium,Medium,Medium,High,High,High,High,Medium
8.45,0.1,3.3364406779661016,1.8265926414956624,60,0.9437178284956964,0.12166666666666667,-0.014999999999999996,-0.25270114942528743,0.4658568337286475,0.4174517332339235,1.9755023419370317,22,9.0,0.21666666666666667,0.9746678020038615,-0.0009416020185153204,0.26201517423017584,4.902130887388395,Numa Alegre - alvarez-quintero-apartment,43.94,Medium,Medium,Medium,High,Low,Medium,Medium,High,Medium,High,High,High,Medium
8.25,0.07692307692307693,3.406862745098039,1.8457688764030125,52,1.027730673319554,-0.037179487179487186,0.0012820512820512818,-0.02164014146772766,0.40469118780002283,0.22303564279994287,1.5464720902512035,25,7.0,0.09615384615384616,0.7229195435044649,-0.11266438636575918,0.5472278169246835,2.466901807977612,Numa Roca - retrome-barcelona,40.81,Medium,Medium,Medium,High,High,Medium,Low,High,Medium,Medium,Medium,Medium,Medium
8.53968253968254,0.08616780045351474,3.2535353535353537,1.8037559018712466,441,0.3376236144518927,-0.00030234315948601554,0.0001511715797430084,0.0035551385305079798,0.12841919144502412,0.6931042993920681,1.9647343556945756,54,9.0,0.3242630385487528,0.319440676511496,0.04915631318481278,0.48539715292004326,-3.8146442700368155,Numa Drift - gaijin,32.74,Medium,Medium,Medium,Low,Medium,Low,Medium,Medium,Medium,Medium,High,Medium,Medium
8.177914110429448,0.11779141104294479,2.9990202137441404,1.7317679445422647,815,0.2381415687280608,0.00212678936605317,-0.0009815950920245397,-0.003813553346026353,0.3180673996932657,0.746564841379049,0.979332509997047,64,5.0,0.2343558282208589,0.4295713746306574,-0.15293256784060932,0.5136065662839395,-4.538551339259733,Numa Potsdamer Platz - precise-tale-berlin,31.81,Medium,Medium,Medium,Low,Medium,Medium,High,Medium,Medium,Medium,Low,Medium,Medium
8.848360655737705,0.020491803278688523,1.34728125210821,1.1607244514130863,244,0.2927390799799028,-0.000546448087431692,0.0001366120218579235,0.008121349161484832,0.14828829872509003,0.1702751063214872,0.8006520557064463,40,3.0,0.20491803278688525,0.1959972536738685,0.22158820614853747,0.7997350078484698,-28.103666114388414,Numa Topp - frogner-house-apartments-skovveien-15,1.53,Low,Low,Low,Low,Medium,Low,Low,Low,Low,Low,Low,Low,Low
9.086206896551724,0.040229885057471264,1.952062985848116,1.3971624765388297,174,0.41811824872134196,0.005555555555555557,0.0001915708812260536,0.009604967631126955,0.29779996254358965,0.7757513196213403,1.1313837020398494,42,5.0,0.3275862068965517,0.32411141764061485,0.35445242749987416,0.728448634489409,-20.62035866448646,Numa Sempione - numa-milan-sempione,11.14,Low,Low,Low,Medium,Low,Medium,High,Medium,Low,Low,Medium,Low,Medium
8.674418604651162,0.06976744186046512,1.9867109634551492,1.4095073477833129,43,0.867564668127006,-0.02403100775193798,0.0007751937984496127,-0.01847099705960974,0.8854654348314108,0.1738258309375614,1.152702537539356,21,4.0,0.16279069767441862,0.8103442938464986,0.12442175483624139,0.6180285933168205,-10.118903903788222,Numa Nora - townhouse-nora-salzburg,24.64,Medium,Medium,Low,High,High,High,Low,High,Medium,Medium,Medium,Medium,Low
8.848484848484848,0.045454545454545456,3.6997668997669,1.9234778136924013,66,0.9456997287171731,0.0030303030303030195,1.0513475611980649e-19,0.0032915360501567415,0.5956036998819094,1.4603631204531007,1.7604304441852918,28,9.0,0.13636363636363635,0.024748737341529263,0.22165758194606983,0.3466875773601979,1.9863904009724764,Numa Rato - numa-i-voga-rooms-amp-apartments,40.2,Low,Low,Medium,High,Medium,High,High,Low,Low,Medium,High,High,Medium
8.124497991967871,0.1686746987951807,4.528792589713694,2.128096001056741,249,0.5312442041511867,0.029451137884872827,-0.003614457831325301,-0.148709781655357,0.15041306780376973,0.5137987595151284,1.8398507034450173,58,9.0,0.18072289156626506,0.8929296139987939,-0.18277155525835737,0.29333352326366996,11.148230596826275,Numa Barberini - capriceroma,51.97,High,High,High,Medium,Low,Low,Medium,High,High,High,High,High,Medium
8.526315789473685,0.11842105263157894,4.385964912280703,2.0942695414584778,76,0.9571221812295256,0.10087719298245613,-0.011842105263157893,-0.397156684815487,0.27799273892360715,5.392867717849403,2.237096843774018,28,9.0,0.2236842105263158,0.7790886264934618,0.041689460429776067,0.14617796671346606,34.43616565319954,Numa Palazzo Moro - palazzo-del-moro-firenze,81.9,Medium,Medium,High,High,Low,Medium,High,High,Medium,High,High,High,Medium
7.1454545454545455,0.32727272727272727,5.721768140116764,2.392021768320005,110,0.9040559464594171,0.013636363636363636,-0.006363636363636363,0.036206896551724134,0.4773411313280957,3.437381556084782,2.086342527661653,43,9.0,0.2818181818181818,0.6704134307175372,-0.7296788544653127,0.14438781880900556,48.52058988577769,Numa Blau - star-apart-hauptbahnhof,100.0,High,High,High,High,Low,High,High,High,High,High,High,High,Medium
8.12621359223301,0.11165048543689321,3.127583681761273,1.7684975775389893,412,0.3425427131699941,0.006148867313915857,-0.0023462783171521034,0.0038053788639660336,0.31890434408379636,1.230396568261921,1.3021971312131384,58,6.0,0.12135922330097088,0.38876567867997275,-0.18181319706611695,0.44755418037622124,1.3132110585116763,Numa Bloomsbury - bedfordcornerhotel,39.33,High,Medium,Medium,Low,Low,Medium,High,Medium,High,Medium,Medium,Medium,Medium
9.366666666666667,0.016666666666666666,1.2531073446327685,1.119422772965053,60,0.57835513210334,0.021666666666666678,0.0005555555555555556,0.03235632183908047,0.21747981434136482,0.09745105266718888,1.5383425101180992,21,7.0,0.16666666666666666,0.34185493299270725,0.5111211595730215,0.8993538199927356,-29.29161806461891,Numa Prestigio - numa-i-prestigio-apartments,0.0,Low,Low,Low,Medium,Low,Medium,Low,Medium,Low,Low,Medium,Low,Medium
8.100346020761245,0.13494809688581316,3.118367935409458,1.765890125520118,289,0.40890435973965467,-0.005882352941176468,0.0003460207612456748,0.004271566638825919,0.5471796883530817,0.7452513825312452,1.5066620293617512,49,9.0,0.1522491349480969,0.39314316907289937,-0.19626318261175105,0.464614941644605,1.8031883543838223,Numa YAYS Amsterdam Salthouse Canal by Numa - yays-amsterdam-salthouse-canal,39.96,High,High,Medium,Medium,High,High,High,Medium,High,Medium,Medium,Medium,Medium
7.585365853658536,0.21951219512195122,4.548780487804878,2.1327870235456885,41,1.3463812995703917,-0.03252032520325202,0.004878048780487805,0.10611157835716291,0.6163526633314196,0.8018753738744805,1.773771209863958,19,7.0,0.21951219512195122,0.93189930731385,-0.4839382733733699,0.20588895408357008,26.230987174655993,Numa Sonate - townhouse-tessa-by-heymcollections,71.35,High,High,High,High,High,High,High,High,High,High,High,High,Medium
8.789855072463768,0.07246376811594203,2.400772241616418,1.5494425583468456,138,0.5216357139685783,-0.002415458937198072,0.0009661835748792272,0.020031650841246043,0.39606460192910814,0.23418489209920615,1.1298493591598842,34,4.0,0.3333333333333333,0.3149943826123719,0.18890617283241798,0.6257843221876627,-15.956676255173651,Numa Luna - numa-i-luna-apartments,17.14,Low,Medium,Medium,Medium,Medium,Medium,Low,Medium,Low,Medium,Medium,Medium,Low
8.433526011560694,0.09248554913294797,3.165613657749698,1.779217147441452,173,0.5340113932697719,-0.005587668593448941,0.0,0.0016875955086040773,0.6908923072861232,0.5534556276580543,1.1349903332784357,36,4.0,0.3988439306358382,0.5315910806768362,-0.010144201307232675,0.4963953721753054,-3.017524512156433,Numa YAYS Paris Issy by Numa - yays-paris-issy,33.77,Medium,Medium,Medium,Medium,High,High,Medium,Medium,Medium,Medium,Medium,Medium,Low
7.619047619047619,0.23809523809523808,3.4476190476190474,1.8567765206451334,21,1.6903890779460484,0.07709750566893422,-0.036281179138321996,-0.2167800453514739,0.04887239466139922,1.3684270505191694,1.001704895871383,8,3.333333333333333,0.2857142857142857,1.143571205496543,-0.46512317031837525,0.4982679166421662,17.3841372700465,Numa YAYS Amsterdam Vondelpark by Numa - amsterdam-vondelpark-by-yays,59.99,High,High,Medium,High,Low,Low,High,High,High,High,Low,Medium,Low
8.706976744186047,0.06976744186046512,2.3389697891762657,1.5293690820649755,215,0.41118210945816003,0.004186046511627909,0.00031007751937984487,0.01037690457097037,0.30833462850899623,0.06424237957402733,1.089315017635187,50,4.0,0.08372093023255814,0.3422160004246495,0.14260918484625854,0.6185853614698852,-17.245592006043776,Numa Hallen - oslo-apartments-dronningensgate-15,15.48,Medium,Medium,Medium,Medium,Low,Medium,Low,Medium,Medium,Low,Medium,Medium,Low
8.482558139534884,0.12790697674418605,2.8593431252549983,1.6909592322865143,172,0.509016109146252,0.017829457364341085,-0.00562015503875969,-0.03851911253675483,0.6270836466316253,0.34193741566471614,1.69586999254435,43,8.0,0.11627906976744186,0.5023550222287784,0.017245827991501816,0.4433190889070723,-3.5371098137496726,Numa Vici - dolce-vita-residence,33.1,Medium,Medium,Medium,Medium,Low,High,Medium,Medium,Medium,Medium,High,Medium,Medium
8.258928571428571,0.11607142857142858,3.094514157014157,1.7591231216188812,112,0.6587580406266689,0.01666666666666667,0.0005952380952380954,0.015229885057471266,0.2754153714506008,0.4201383023190542,1.0624837185879648,38,3.666666666666667,0.16071428571428573,0.8654535212306859,-0.10767676206454306,0.5273484971678746,-2.2858183578656988,Numa Turi - numa-i-turi-apartments-zurich,34.71,Medium,Medium,Medium,Medium,Low,Medium,Medium,High,Medium,Medium,Medium,Medium,Low
8.206349206349206,0.11904761904761904,2.8530793650793647,1.6891060846138009,126,0.5956274149542153,0.002380952380952387,0.0007936507936507935,0.023070607553366155,0.5524163037540994,0.10443188780082968,1.1437473317075653,38,5.0,0.40476190476190477,0.1812181823690548,-0.13704832739392797,0.5535079445181806,-6.454856158320121,Numa Munico - munico,29.35,Medium,Medium,Medium,Medium,Medium,High,Low,Low,Medium,Medium,Medium,Medium,Medium
8.432692307692308,0.0673076923076923,2.9468820014936523,1.7166484793031018,104,0.6676905960050767,0.026282051282051275,-0.009294871794871793,-0.006012378426171485,0.25469143108589265,0.2615811622433842,0.9681533858560137,36,4.0,0.10576923076923077,0.6461875215793025,-0.010609919894718373,0.42262746572299636,-7.3142076785872145,Numa Craft - numa-i-craft-rooms-amp-apartments,28.24,Medium,Medium,Medium,Medium,Low,Medium,Low,Medium,Medium,Medium,Low,Medium,Low
8.733727810650887,0.07692307692307693,2.5893913778529165,1.609158593132733,169,0.48873493303920057,-0.002169625246548326,0.0003944773175542406,0.00825681833639395,0.5534869279912837,0.691123770092695,1.399446668132826,34,7.0,0.23076923076923078,0.22015808967492917,0.15755270299480903,0.5488556030577068,-10.17595784220936,Numa Felice - numa-i-felice-rooms-amp-apartments,24.57,Medium,Medium,Medium,Medium,Medium,High,Medium,Low,Medium,Medium,Medium,Medium,Medium
8.402298850574713,0.13218390804597702,4.484618962195203,2.1176918950109815,174,0.6337456389945935,0.04252873563218391,-0.004980842911877395,-0.10925485533095526,0.24255975532912447,0.5402575349470441,1.269205431892334,39,6.0,0.11494252873563218,0.3884456737347733,-0.027588128170300034,0.2527076635718447,3.3553441144686778,Numa Blend - numa-i-blend-apartments,41.96,Medium,Medium,High,Medium,Low,Medium,Medium,Medium,Medium,Medium,Medium,High,Medium
8.663900414937759,0.07883817427385892,2.174066390041494,1.4744715629816312,241,0.37419806227815045,-0.0009681881051175623,0.0005532503457814663,-0.12514427433586112,0.27893137477764274,0.45407114710376567,1.3026250498487508,50,8.0,0.43568464730290457,0.5617667453472341,0.11854614763087151,0.5896571094665543,-13.55923397122284,Numa Savi - stilwerk-kantgaragen-berlin63,20.22,Medium,Medium,Low,Low,Medium,Medium,Medium,Medium,Medium,Medium,Medium,Medium,Medium
9.069620253164556,0.02531645569620253,1.5174151414980246,1.2318340559905074,158,0.38713492543044126,-0.008227848101265827,0.0004219409282700422,0.024399825403753798,0.6388514903207028,0.17678461778917523,1.0095968912220958,40,5.0,0.17088607594936708,0.3449063347866193,0.34518689758892823,0.8538612291590679,-25.224016257950087,Numa Colmena - numa-i-colmena-apartments,5.23,Low,Low,Low,Medium,High,High,Low,Medium,Low,Low,Low,Low,Medium
8.114754098360656,0.13934426229508196,4.333830104321908,2.081785316578515,122,0.7462758572771842,-0.009016393442622948,0.0005464480874316939,-0.09039005087620124,0.2677182523583345,0.24424027078141897,1.8741184499454555,42,9.0,0.11475409836065574,0.5031481578849999,-0.18821462987926432,0.21174473923775627,9.201091292175539,Numa YAYS Paris Zola by Numa - eiffel-village-apartments-paris-centre,49.47,High,High,High,High,High,Medium,Low,Medium,High,High,High,High,Medium
8.723880597014926,0.048507462686567165,1.9759069819442114,1.405669584911124,268,0.3381169913854123,-0.0004975124378109435,0.00012437810945273628,0.005013724481043058,0.1814288861562641,0.19712352583320747,1.2454189021579893,44,6.0,0.31343283582089554,0.6850613220868461,0.15205191236745041,0.7052928456662714,-17.663823399241274,Numa Wood - the-wood,14.94,Medium,Low,Low,Low,Medium,Low,Low,High,Medium,Low,Medium,Low,Medium
7.891891891891892,0.17567567567567569,3.7415771936319877,1.9343156913058395,74,0.896289199411199,0.003603603603603615,0.0013513513513513519,0.03628456042249149,0.7019464398974875,0.5870228496274356,1.6462391383987875,22,8.0,0.3108108108108108,0.5475992774978045,-0.312708561041568,0.39396743416665986,11.795935354724762,Numa Kater - berlin-eastside-apartments,52.8,High,High,High,High,Medium,High,Medium,Medium,High,High,High,Medium,Medium
8.352941176470589,0.10294117647058823,2.5302897278314305,1.590688444614919,68,0.7700572608122904,0.0534313725490196,-0.01372549019607843,-0.031203515889114276,1.1197860924326803,0.7232922818874953,1.464304895019379,27,7.0,0.14705882352941177,0.37513587373347757,-0.05516001206938317,0.4925842165163176,-0.4352001977459441,Numa Caja - gaderin,37.08,Medium,Medium,Medium,High,Low,High,Medium,Medium,Medium,Medium,Medium,Medium,Medium
8.241176470588234,0.11470588235294117,3.4557394091657283,1.8589619170832221,680,0.2799425730509064,0.0015196078431372548,4.901960784313733e-05,0.0008350236646382595,0.0988968608793579,0.26404067624594324,0.913785755283929,69,4.0,0.42205882352941176,0.4240577324549408,-0.11759333273402044,0.4273833864093245,-6.219687192258528,Numa Viktoria - joyn-munich-olympic-munchen,29.65,Medium,Medium,Medium,Low,Medium,Low,Medium,Medium,Medium,Medium,Low,Medium,Low
8.44131455399061,0.14084507042253522,4.511869961909823,2.1241162778694163,213,0.5737899268307523,0.00031298904538341047,0.0003129890453834115,0.005158922885974861,0.29366428531903604,0.5138226677160502,1.4341245244990035,57,9.0,0.09389671361502347,0.46140983160840143,-0.005793413075848464,0.2765123602196255,4.216955264042809,Numa Camperio - camperio-house-suites-apartments,43.06,Medium,High,High,Medium,Medium,Medium,Medium,Medium,Medium,High,Medium,High,Medium
8.630573248407643,0.06369426751592357,2.5036746692797647,1.582300435846418,157,0.4988838376329241,-0.001061571125265389,0.0002123142250530786,0.011347829270078333,0.3272833721370789,0.5479692670598619,0.9566888898521537,37,4.0,0.37579617834394907,0.5696018232282545,0.09992912843512738,0.6080827246684014,-12.092444770560318,Numa Stark - joyn-munich-rose,22.1,Medium,Low,Medium,Medium,Medium,Medium,Medium,Medium,Medium,Medium,Low,Medium,Low
8.346534653465346,0.06930693069306931,2.9087128712871295,1.70549490508976,101,0.6733721777507249,0.005610561056105608,0.0006600660066006601,0.007294867417776275,0.3077635087660445,0.5907205464674938,0.9981212701439458,32,3.0,0.19801980198019803,0.3469623104384675,-0.058738785010035176,0.5419673127097472,-6.408323536490601,Numa YAYS Amsterdam East by Numa - amsterdam-east-by-yays,29.41,Medium,Medium,Medium,Medium,Low,Medium,Medium,Medium,Medium,Medium,Low,Medium,Low
7.375,0.2361111111111111,4.613636363636363,2.147937700129211,144,0.7076352822430341,-0.00023148148148148065,0.0011574074074074073,0.020825351213282314,0.2069951790979538,0.4924474391052254,1.8329004638152997,34,9.0,0.4097222222222222,0.4332451106268773,-0.6014515678849528,0.24710973457323288,19.72437018021073,Numa Artol - excelsiordusseldorf,62.99,High,High,High,Medium,Medium,Medium,Medium,Medium,High,High,High,High,Medium
9.01010101010101,0.020202020202020204,1.4415218171563347,1.2006339230407972,198,0.33653661823191783,-0.004208754208754212,0.0,0.0002902589109485366,0.17309352172439801,0.8668339209447793,1.4651768015555175,44,9.0,0.2777777777777778,0.4264869209508559,0.3119386198024294,0.7912013591165962,-21.116056520721227,Numa Leo - numa-i-leo-apartments,10.51,Low,Low,Low,Low,Medium,Low,High,Medium,Low,Low,Medium,Low,Medium
8.5,0.0958904109589041,2.872413793103448,1.694819693390258,146,0.5544533385440324,-0.009360730593607309,0.0004566210045662099,0.02242953865532989,0.20956213257421133,0.7147613893248765,1.1128640895368154,40,5.0,0.4520547945205479,0.2568337747515822,0.02698909406829614,0.5631863930067296,-8.51298037586975,Numa Obersendling - numa-munich-obersendling,26.7,Medium,Medium,Medium,Medium,High,Medium,Medium,Low,Medium,Medium,Medium,Medium,Medium
9.235602094240837,0.031413612565445025,1.6863047671534857,1.2985779788497438,191,0.3706846161912303,0.0006980802792321092,0.00034904013961605586,0.009652765240416424,0.2395781578612563,0.18958514343281135,1.4202984085396004,43,9.0,0.09424083769633508,0.2380506898158939,0.4379066647695478,0.7949264733967458,-26.47079936349992,Numa Flow - fashion-dancing,3.63,Low,Low,Low,Low,Medium,Medium,Low,Low,Low,Low,Medium,Low,Medium
8.597222222222221,0.08333333333333333,2.1875978090766823,1.4790530109082238,72,0.6951208361212871,-0.008333333333333328,0.0013888888888888887,0.042720306513409995,0.1232044829109818,1.6705861936817463,1.1905082879680082,27,5.0,0.1527777777777778,0.27181204011610144,0.08129878090376166,0.6915600151925958,-8.2724543344039,Numa Palazzo Belfiore - palazzo-belfiore,27.01,Medium,Medium,Low,Medium,High,Low,High,Low,Medium,Medium,Medium,Low,Medium
8.865546218487395,0.06722689075630252,2.876360670850618,1.6959836882619532,238,0.43314639820847844,0.0,0.000280112044817927,-0.022312373225152126,0.27640829554223134,0.63695463563564,1.7164478734807087,34,8.0,0.6596638655462185,0.28326773648644615,0.2311883007533857,0.4991548650123541,-10.112077530126307,Numa Vega - urban-vida-granada-i,24.65,Low,Medium,Medium,Medium,Medium,Medium,Medium,Low,Low,Medium,High,Medium,Medium
9.15267175572519,0.03244274809160305,1.7280808021835272,1.3145648718049359,524,0.22563198587174682,-0.001653944020356235,6.361323155216285e-05,0.00601912784065983,0.19718624968400592,0.3564888020278021,1.0702519028804354,67,6.0,0.10305343511450382,0.1755877507316929,0.3915806231404099,0.7562992223250206,-27.269437429043197,Numa Terra - numa-i-terra-apartments,2.6,Low,Low,Low,Low,Medium,Low,Medium,Low,Low,Low,Medium,Low,Medium
8.507462686567164,0.1044776119402985,3.405246494798734,1.8453309987096445,67,0.9002231952357498,-0.017412935323383075,0.0009950248756218905,0.020672499571110007,0.0186080731891202,0.4000716382528725,1.5190360003536356,25,5.0,0.22388059701492538,0.8229291223327933,0.031157854678268017,0.41853605064484856,-1.0439823686078875,Numa Flute - villa-riedenburg-boutique-apartments,36.3,Medium,Medium,Medium,High,High,Low,Medium,High,Medium,Medium,Medium,Medium,Medium
8.584,0.072,2.4384516129032265,1.5615542298950833,125,0.5528907473820368,-0.0029333333333333373,0.0008000000000000003,0.0002666666666666835,0.35945292410085594,0.5034300275244672,1.1394817983499277,39,4.5,0.112,0.23785505671842141,0.07391266349413853,0.560066528071115,-12.112636797529575,Numa Tullo - numa-i-tullo-rooms,22.08,Medium,Medium,Medium,Medium,Medium,Medium,Medium,Low,Medium,Medium,Medium,Medium,Medium
8.00919540229885,0.16091954022988506,3.6358599502092277,1.9067931062937131,435,0.3593766447048603,-0.0040613026819923395,0.00022988505747126439,0.00312062359624786,0.08561184197380599,0.10401197374085316,1.2303377015326877,76,9.0,0.12183908045977011,0.969121303313461,-0.24718118705971148,0.3977840097305294,1.6858790385167022,Numa Linea - capitol-roma,39.81,High,High,Medium,Low,Medium,Low,Low,High,High,Medium,Medium,Medium,Medium
8.938823529411765,0.042352941176470586,1.9962486126526084,1.4128866241325269,425,0.2694215914923319,0.0025882352941176464,7.843137254901972e-05,0.006669371196754564,0.07083947458621728,0.08209747439098662,0.7938078273314637,61,3.666666666666667,0.1952941176470588,0.4355723410266307,0.2721220267831324,0.6918013634440426,-24.982904688541563,Numa Poise - numa-i-poise-rooms-and-apartments,5.54,Low,Low,Low,Low,Medium,Low,Low,Medium,Low,Low,Low,Low,Low
9.056603773584905,0.03773584905660377,1.2467343976777943,1.116572611914601,53,0.6155310560948841,-0.016352201257861645,-6.546126324440782e-19,0.012665365430492324,0.2157504320487013,0.8372925343498642,0.843028145839961,20,3.0,0.4528301886792453,0.6580561686138757,0.33791571088373995,0.7867384914499042,-22.897775922968687,Numa Sol - numa-madrid-sol-apartments,8.22,Low,Low,Low,Medium,High,Medium,High,High,Low,Low,Low,Low,Low
7.66,0.2,5.80979865771812,2.4103523928500827,150,0.7777763683485404,-0.009333333333333336,0.0017777777777777776,0.030045977011494286,0.5517538453373628,0.25690656642017806,1.7946741245916635,33,9.0,0.31333333333333335,0.5894618308983954,-0.4422466001901297,0.16401761196372616,24.13405207389467,Numa Maximilian - the-maximilian-by-heymcollections,68.66,High,High,High,High,High,High,Low,Medium,High,High,High,High,Medium
7.990936555891238,0.13595166163141995,3.675675180811132,1.9172050440188009,331,0.41459911380864867,0.0001007049345417922,0.0005035246727089625,0.005726290933083328,0.36492178649485824,0.5053077121569284,1.3883034060060075,49,6.0,0.1510574018126888,0.29465208609722815,-0.25738083285784685,0.3683760023263646,3.128636876037344,Numa YAYS Amsterdam Maritime by Numa - yays-amsterdam-maritime,41.66,High,High,Medium,Medium,Medium,Medium,Medium,Low,High,Medium,Medium,High,Medium
8.054347826086957,0.10869565217391304,4.11789297658863,2.0292592186777494,92,0.84049536202025,-0.02101449275362319,0.0014492753623188408,0.059920039980009984,0.5584787097907624,1.608932466863912,1.7223900760404824,31,9.0,0.13043478260869565,0.5192562542841144,-0.22195841453154136,0.39179777482869405,15.809947984329037,Numa YAYS Amsterdam North by Numa - ndsm-serviced-apartments,57.96,High,Medium,High,High,High,High,High,Medium,High,High,High,Medium,Medium
8.548387096774194,0.06451612903225806,3.12258064516129,1.7670825235854974,31,1.2963422051487852,-0.04838709677419355,0.0021505376344086017,0.03726362625139045,0.17473579688895102,,1.024025122240852,17,3.5999999999999996,0.16129032258064516,1.3765379787424314,0.05401879995875869,0.12788931647695267,,Numa Seda - friendly-rentals-hopper,,Medium,Medium,Medium,High,High,Low,High,High,Medium,High,Low,High,Low
8.455223880597014,0.1044776119402985,3.672757706793137,1.9164440265223341,536,0.3252186460540436,0.001181592039800994,0.00024875621890547257,0.0048228684165380195,0.22426330388439678,0.9143321790430996,1.3049831539107395,65,7.0,0.30970149253731344,0.4912894875091893,0.0019765304084648928,0.4101436690067496,-1.1660019616987816,Numa Kudamm - about-berlin-hotel,36.15,Medium,Medium,Medium,Low,Medium,Medium,High,Medium,Medium,Medium,Medium,Medium,Medium
7.557377049180328,0.2459016393442623,4.650819672131147,2.156575913834509,61,1.1046494753577285,0.022404371584699448,-0.012568306010928962,0.11247409082344072,1.134200213351656,0.950607873309592,2.3856019000892417,19,9.0,0.21311475409836064,0.7385770371270574,-0.4995732092076501,0.4146840207170556,30.15626372162115,Numa Oosterpark - eastern-park-apartment-suites,76.4,High,High,High,High,Low,High,High,High,High,High,High,Medium,Medium
